INFO:     Started server process [10992]
INFO:     Waiting for application startup.
2026-09-21 23:55:49,152 INFO sqlalchemy.engine.Engine select pg_catalog.version()
2026-09-21 23:55:49,152 INFO sqlalchemy.engine.Engine [raw sql] {}
2026-09-21 23:55:49,153 INFO sqlalchemy.engine.Engine select current_schema()
2026-09-21 23:55:49,153 INFO sqlalchemy.engine.Engine [raw sql] {}
2026-09-21 23:55:49,154 INFO sqlalchemy.engine.Engine show standard_conforming_strings
2026-09-21 23:55:49,154 INFO sqlalchemy.engine.Engine [raw sql] {}
2026-09-21 23:55:49,154 INFO sqlalchemy.engine.Engine BEGIN (implicit)
2026-09-21 23:55:49,156 INFO sqlalchemy.engine.Engine SELECT background_jobs.id AS background_jobs_id, background_jobs.tenant_id AS background_jobs_tenant_id, background_jobs.type AS background_jobs_type, background_jobs.status AS background_jobs_status, background_jobs.actor_user_id AS background_jobs_actor_user_id, background_jobs.payload_json AS background_jobs_payload_json, background_jobs.result_json AS background_jobs_result_json, background_jobs.cursor_json AS background_jobs_cursor_json, background_jobs.logs_json AS background_jobs_logs_json, background_jobs.progress_total AS background_jobs_progress_total, background_jobs.progress_done AS background_jobs_progress_done, background_jobs.progress_failed AS background_jobs_progress_failed, background_jobs.error AS background_jobs_error, background_jobs.created_at AS background_jobs_created_at, background_jobs.started_at AS background_jobs_started_at, background_jobs.heartbeat_at AS background_jobs_heartbeat_at, background_jobs.finished_at AS background_jobs_finished_at 
FROM background_jobs 
WHERE background_jobs.status = %(status_1)s AND background_jobs.type IN (%(type_1_1)s, %(type_1_2)s, %(type_1_3)s) AND coalesce(background_jobs.heartbeat_at, background_jobs.started_at, background_jobs.created_at) < %(coalesce_1)s
2026-09-21 23:55:49,156 INFO sqlalchemy.engine.Engine [generated in 0.00012s] {'status_1': 'running', 'coalesce_1': datetime.datetime(2026, 9, 21, 15, 40, 49, 89802, tzinfo=datetime.timezone.utc), 'type_1_1': 'autocount_pull_snapshot', 'type_1_2': 'autocount_sync', 'type_1_3': 'autocount_source_preview'}
2026-09-21 23:55:49,164 INFO sqlalchemy.engine.Engine ROLLBACK
2026-09-21 23:55:49,165 INFO sqlalchemy.engine.Engine BEGIN (implicit)
INFO:     Application startup complete.
2026-09-21 23:55:49,165 INFO sqlalchemy.engine.Engine SELECT email_outbox.id AS email_outbox_id, email_outbox.tenant_id AS email_outbox_tenant_id, email_outbox.connection_id AS email_outbox_connection_id, email_outbox.to_email AS email_outbox_to_email, email_outbox.subject AS email_outbox_subject, email_outbox.html_body AS email_outbox_html_body, email_outbox.text_body AS email_outbox_text_body, email_outbox.template_key AS email_outbox_template_key, email_outbox.status AS email_outbox_status, email_outbox.attempts AS email_outbox_attempts, email_outbox.next_attempt_at AS email_outbox_next_attempt_at, email_outbox.last_error AS email_outbox_last_error, email_outbox.used_fallback AS email_outbox_used_fallback, email_outbox.created_at AS email_outbox_created_at, email_outbox.sent_at AS email_outbox_sent_at 
FROM email_outbox 
WHERE email_outbox.status IN (%(status_1_1)s, %(status_1_2)s) AND email_outbox.next_attempt_at <= %(next_attempt_at_1)s ORDER BY email_outbox.next_attempt_at 
 LIMIT %(param_1)s FOR UPDATE SKIP LOCKED
2026-09-21 23:55:49,166 INFO sqlalchemy.engine.Engine [generated in 0.00007s] {'next_attempt_at_1': datetime.datetime(2026, 9, 21, 15, 55, 49, 164736, tzinfo=datetime.timezone.utc), 'param_1': 20, 'status_1_1': 'pending', 'status_1_2': 'sending'}
INFO:     Uvicorn running on http://127.0.0.1:8010 (Press CTRL+C to quit)
2026-09-21 23:55:49,172 INFO sqlalchemy.engine.Engine COMMIT
INFO:     127.0.0.1:61494 - "GET /docs HTTP/1.1" 200 OK
2026-09-21 23:56:19,290 INFO sqlalchemy.engine.Engine BEGIN (implicit)
2026-09-21 23:56:19,291 INFO sqlalchemy.engine.Engine SELECT email_outbox.id AS email_outbox_id, email_outbox.tenant_id AS email_outbox_tenant_id, email_outbox.connection_id AS email_outbox_connection_id, email_outbox.to_email AS email_outbox_to_email, email_outbox.subject AS email_outbox_subject, email_outbox.html_body AS email_outbox_html_body, email_outbox.text_body AS email_outbox_text_body, email_outbox.template_key AS email_outbox_template_key, email_outbox.status AS email_outbox_status, email_outbox.attempts AS email_outbox_attempts, email_outbox.next_attempt_at AS email_outbox_next_attempt_at, email_outbox.last_error AS email_outbox_last_error, email_outbox.used_fallback AS email_outbox_used_fallback, email_outbox.created_at AS email_outbox_created_at, email_outbox.sent_at AS email_outbox_sent_at 
FROM email_outbox 
WHERE email_outbox.status IN (%(status_1_1)s, %(status_1_2)s) AND email_outbox.next_attempt_at <= %(next_attempt_at_1)s ORDER BY email_outbox.next_attempt_at 
 LIMIT %(param_1)s FOR UPDATE SKIP LOCKED
2026-09-21 23:56:19,291 INFO sqlalchemy.engine.Engine [cached since 30.13s ago] {'next_attempt_at_1': datetime.datetime(2026, 9, 21, 15, 56, 19, 179207, tzinfo=datetime.timezone.utc), 'param_1': 20, 'status_1_1': 'pending', 'status_1_2': 'sending'}
2026-09-21 23:56:19,304 INFO sqlalchemy.engine.Engine COMMIT
2026-09-21 23:56:49,335 INFO sqlalchemy.engine.Engine BEGIN (implicit)
2026-09-21 23:56:49,336 INFO sqlalchemy.engine.Engine SELECT email_outbox.id AS email_outbox_id, email_outbox.tenant_id AS email_outbox_tenant_id, email_outbox.connection_id AS email_outbox_connection_id, email_outbox.to_email AS email_outbox_to_email, email_outbox.subject AS email_outbox_subject, email_outbox.html_body AS email_outbox_html_body, email_outbox.text_body AS email_outbox_text_body, email_outbox.template_key AS email_outbox_template_key, email_outbox.status AS email_outbox_status, email_outbox.attempts AS email_outbox_attempts, email_outbox.next_attempt_at AS email_outbox_next_attempt_at, email_outbox.last_error AS email_outbox_last_error, email_outbox.used_fallback AS email_outbox_used_fallback, email_outbox.created_at AS email_outbox_created_at, email_outbox.sent_at AS email_outbox_sent_at 
FROM email_outbox 
WHERE email_outbox.status IN (%(status_1_1)s, %(status_1_2)s) AND email_outbox.next_attempt_at <= %(next_attempt_at_1)s ORDER BY email_outbox.next_attempt_at 
 LIMIT %(param_1)s FOR UPDATE SKIP LOCKED
2026-09-21 23:56:49,336 INFO sqlalchemy.engine.Engine [cached since 60.17s ago] {'next_attempt_at_1': datetime.datetime(2026, 9, 21, 15, 56, 49, 309329, tzinfo=datetime.timezone.utc), 'param_1': 20, 'status_1_1': 'pending', 'status_1_2': 'sending'}
2026-09-21 23:56:49,339 INFO sqlalchemy.engine.Engine COMMIT
2026-09-21 23:57:11,648 INFO sqlalchemy.engine.Engine BEGIN (implicit)
2026-09-21 23:57:11,652 INFO sqlalchemy.engine.Engine SELECT tenant_branding.tenant_id AS tenant_branding_tenant_id, tenant_branding.slogan AS tenant_branding_slogan, tenant_branding.app_name AS tenant_branding_app_name, tenant_branding.logo_key AS tenant_branding_logo_key, tenant_branding.logo_mime AS tenant_branding_logo_mime, tenant_branding.favicon_key AS tenant_branding_favicon_key, tenant_branding.favicon_mime AS tenant_branding_favicon_mime, tenant_branding.illustration_key AS tenant_branding_illustration_key, tenant_branding.illustration_mime AS tenant_branding_illustration_mime, tenant_branding.tokens_json AS tenant_branding_tokens_json, tenant_branding.socials_json AS tenant_branding_socials_json, tenant_branding.footer_json AS tenant_branding_footer_json, tenant_branding.version AS tenant_branding_version, tenant_branding.created_at AS tenant_branding_created_at, tenant_branding.updated_at AS tenant_branding_updated_at, statuses_1.id AS statuses_1_id, statuses_1.entity_type AS statuses_1_entity_type, statuses_1.key AS statuses_1_key, statuses_1.category AS statuses_1_category, statuses_1.label AS statuses_1_label, statuses_1.color AS statuses_1_color, statuses_1.sort_order AS statuses_1_sort_order, statuses_1.is_initial AS statuses_1_is_initial, statuses_1.is_terminal AS statuses_1_is_terminal, statuses_1.is_active AS statuses_1_is_active, statuses_1.blocks_access AS statuses_1_blocks_access, statuses_1.is_archived AS statuses_1_is_archived, statuses_1.is_default AS statuses_1_is_default, statuses_1.position_x AS statuses_1_position_x, statuses_1.position_y AS statuses_1_position_y, statuses_1.is_system AS statuses_1_is_system, statuses_1.tenant_id AS statuses_1_tenant_id, statuses_1.scope_id AS statuses_1_scope_id, statuses_1.created_at AS statuses_1_created_at, statuses_1.updated_at AS statuses_1_updated_at, tenants_1.id AS tenants_1_id, tenants_1.name AS tenants_1_name, tenants_1.slug AS tenants_1_slug, tenants_1.status_id AS tenants_1_status_id, tenants_1.is_platform AS tenants_1_is_platform, tenants_1.contact_name AS tenants_1_contact_name, tenants_1.contact_email AS tenants_1_contact_email, tenants_1.custom_domain AS tenants_1_custom_domain, tenants_1.notes AS tenants_1_notes, tenants_1.created_at AS tenants_1_created_at, tenants_1.updated_at AS tenants_1_updated_at 
FROM tenant_branding JOIN tenants ON tenants.id = tenant_branding.tenant_id LEFT OUTER JOIN tenants AS tenants_1 ON tenants_1.id = tenant_branding.tenant_id LEFT OUTER JOIN statuses AS statuses_1 ON statuses_1.id = tenants_1.status_id 
WHERE tenants.slug = %(slug_1)s 
 LIMIT %(param_1)s
2026-09-21 23:57:11,652 INFO sqlalchemy.engine.Engine [generated in 0.00011s] {'slug_1': 'default', 'param_1': 1}
INFO:     127.0.0.1:61654 - "GET /public/branding/default HTTP/1.1" 200 OK
2026-09-21 23:57:11,665 INFO sqlalchemy.engine.Engine ROLLBACK
2026-09-21 23:57:16,850 INFO sqlalchemy.engine.Engine BEGIN (implicit)
2026-09-21 23:57:16,850 INFO sqlalchemy.engine.Engine SELECT tenant_branding.tenant_id AS tenant_branding_tenant_id, tenant_branding.slogan AS tenant_branding_slogan, tenant_branding.app_name AS tenant_branding_app_name, tenant_branding.logo_key AS tenant_branding_logo_key, tenant_branding.logo_mime AS tenant_branding_logo_mime, tenant_branding.favicon_key AS tenant_branding_favicon_key, tenant_branding.favicon_mime AS tenant_branding_favicon_mime, tenant_branding.illustration_key AS tenant_branding_illustration_key, tenant_branding.illustration_mime AS tenant_branding_illustration_mime, tenant_branding.tokens_json AS tenant_branding_tokens_json, tenant_branding.socials_json AS tenant_branding_socials_json, tenant_branding.footer_json AS tenant_branding_footer_json, tenant_branding.version AS tenant_branding_version, tenant_branding.created_at AS tenant_branding_created_at, tenant_branding.updated_at AS tenant_branding_updated_at, statuses_1.id AS statuses_1_id, statuses_1.entity_type AS statuses_1_entity_type, statuses_1.key AS statuses_1_key, statuses_1.category AS statuses_1_category, statuses_1.label AS statuses_1_label, statuses_1.color AS statuses_1_color, statuses_1.sort_order AS statuses_1_sort_order, statuses_1.is_initial AS statuses_1_is_initial, statuses_1.is_terminal AS statuses_1_is_terminal, statuses_1.is_active AS statuses_1_is_active, statuses_1.blocks_access AS statuses_1_blocks_access, statuses_1.is_archived AS statuses_1_is_archived, statuses_1.is_default AS statuses_1_is_default, statuses_1.position_x AS statuses_1_position_x, statuses_1.position_y AS statuses_1_position_y, statuses_1.is_system AS statuses_1_is_system, statuses_1.tenant_id AS statuses_1_tenant_id, statuses_1.scope_id AS statuses_1_scope_id, statuses_1.created_at AS statuses_1_created_at, statuses_1.updated_at AS statuses_1_updated_at, tenants_1.id AS tenants_1_id, tenants_1.name AS tenants_1_name, tenants_1.slug AS tenants_1_slug, tenants_1.status_id AS tenants_1_status_id, tenants_1.is_platform AS tenants_1_is_platform, tenants_1.contact_name AS tenants_1_contact_name, tenants_1.contact_email AS tenants_1_contact_email, tenants_1.custom_domain AS tenants_1_custom_domain, tenants_1.notes AS tenants_1_notes, tenants_1.created_at AS tenants_1_created_at, tenants_1.updated_at AS tenants_1_updated_at 
FROM tenant_branding JOIN tenants ON tenants.id = tenant_branding.tenant_id LEFT OUTER JOIN tenants AS tenants_1 ON tenants_1.id = tenant_branding.tenant_id LEFT OUTER JOIN statuses AS statuses_1 ON statuses_1.id = tenants_1.status_id 
WHERE tenants.slug = %(slug_1)s 
 LIMIT %(param_1)s
2026-09-21 23:57:16,850 INFO sqlalchemy.engine.Engine [cached since 5.199s ago] {'slug_1': 'default', 'param_1': 1}
INFO:     127.0.0.1:61686 - "GET /public/branding/default HTTP/1.1" 200 OK
2026-09-21 23:57:16,851 INFO sqlalchemy.engine.Engine ROLLBACK
2026-09-21 23:57:19,347 INFO sqlalchemy.engine.Engine BEGIN (implicit)
2026-09-21 23:57:19,347 INFO sqlalchemy.engine.Engine SELECT email_outbox.id AS email_outbox_id, email_outbox.tenant_id AS email_outbox_tenant_id, email_outbox.connection_id AS email_outbox_connection_id, email_outbox.to_email AS email_outbox_to_email, email_outbox.subject AS email_outbox_subject, email_outbox.html_body AS email_outbox_html_body, email_outbox.text_body AS email_outbox_text_body, email_outbox.template_key AS email_outbox_template_key, email_outbox.status AS email_outbox_status, email_outbox.attempts AS email_outbox_attempts, email_outbox.next_attempt_at AS email_outbox_next_attempt_at, email_outbox.last_error AS email_outbox_last_error, email_outbox.used_fallback AS email_outbox_used_fallback, email_outbox.created_at AS email_outbox_created_at, email_outbox.sent_at AS email_outbox_sent_at 
FROM email_outbox 
WHERE email_outbox.status IN (%(status_1_1)s, %(status_1_2)s) AND email_outbox.next_attempt_at <= %(next_attempt_at_1)s ORDER BY email_outbox.next_attempt_at 
 LIMIT %(param_1)s FOR UPDATE SKIP LOCKED
2026-09-21 23:57:19,347 INFO sqlalchemy.engine.Engine [cached since 90.18s ago] {'next_attempt_at_1': datetime.datetime(2026, 9, 21, 15, 57, 19, 346700, tzinfo=datetime.timezone.utc), 'param_1': 20, 'status_1_1': 'pending', 'status_1_2': 'sending'}
2026-09-21 23:57:19,349 INFO sqlalchemy.engine.Engine COMMIT
2026-09-21 23:57:24,654 INFO sqlalchemy.engine.Engine BEGIN (implicit)
2026-09-21 23:57:24,654 INFO sqlalchemy.engine.Engine SELECT auth_throttle.id AS auth_throttle_id, auth_throttle.scope AS auth_throttle_scope, auth_throttle.key AS auth_throttle_key, auth_throttle.window_start AS auth_throttle_window_start, auth_throttle.fail_count AS auth_throttle_fail_count, auth_throttle.locked_until AS auth_throttle_locked_until, auth_throttle.created_at AS auth_throttle_created_at 
FROM auth_throttle 
WHERE auth_throttle.scope = %(scope_1)s AND auth_throttle.key = %(key_1)s 
 LIMIT %(param_1)s
2026-09-21 23:57:24,654 INFO sqlalchemy.engine.Engine [generated in 0.00009s] {'scope_1': 'ip', 'key_1': '127.0.0.1', 'param_1': 1}
2026-09-21 23:57:24,656 INFO sqlalchemy.engine.Engine SELECT auth_throttle.id AS auth_throttle_id, auth_throttle.scope AS auth_throttle_scope, auth_throttle.key AS auth_throttle_key, auth_throttle.window_start AS auth_throttle_window_start, auth_throttle.fail_count AS auth_throttle_fail_count, auth_throttle.locked_until AS auth_throttle_locked_until, auth_throttle.created_at AS auth_throttle_created_at 
FROM auth_throttle 
WHERE auth_throttle.scope = %(scope_1)s AND auth_throttle.key = %(key_1)s 
 LIMIT %(param_1)s
2026-09-21 23:57:24,656 INFO sqlalchemy.engine.Engine [cached since 0.001646s ago] {'scope_1': 'email', 'key_1': 'demo@example.com', 'param_1': 1}
2026-09-21 23:57:24,657 INFO sqlalchemy.engine.Engine SELECT tenants.id AS tenants_id, tenants.name AS tenants_name, tenants.slug AS tenants_slug, tenants.status_id AS tenants_status_id, tenants.is_platform AS tenants_is_platform, tenants.contact_name AS tenants_contact_name, tenants.contact_email AS tenants_contact_email, tenants.custom_domain AS tenants_custom_domain, tenants.notes AS tenants_notes, tenants.created_at AS tenants_created_at, tenants.updated_at AS tenants_updated_at, statuses_1.id AS statuses_1_id, statuses_1.entity_type AS statuses_1_entity_type, statuses_1.key AS statuses_1_key, statuses_1.category AS statuses_1_category, statuses_1.label AS statuses_1_label, statuses_1.color AS statuses_1_color, statuses_1.sort_order AS statuses_1_sort_order, statuses_1.is_initial AS statuses_1_is_initial, statuses_1.is_terminal AS statuses_1_is_terminal, statuses_1.is_active AS statuses_1_is_active, statuses_1.blocks_access AS statuses_1_blocks_access, statuses_1.is_archived AS statuses_1_is_archived, statuses_1.is_default AS statuses_1_is_default, statuses_1.position_x AS statuses_1_position_x, statuses_1.position_y AS statuses_1_position_y, statuses_1.is_system AS statuses_1_is_system, statuses_1.tenant_id AS statuses_1_tenant_id, statuses_1.scope_id AS statuses_1_scope_id, statuses_1.created_at AS statuses_1_created_at, statuses_1.updated_at AS statuses_1_updated_at 
FROM tenants LEFT OUTER JOIN statuses AS statuses_1 ON statuses_1.id = tenants.status_id 
WHERE tenants.slug = %(slug_1)s 
 LIMIT %(param_1)s
2026-09-21 23:57:24,657 INFO sqlalchemy.engine.Engine [generated in 0.00007s] {'slug_1': 'default', 'param_1': 1}
2026-09-21 23:57:24,660 INFO sqlalchemy.engine.Engine SELECT users.id AS users_id, users.tenant_id AS users_tenant_id, users.email AS users_email, users.password AS users_password, users.name AS users_name, users.status AS users_status, users.avatar_key AS users_avatar_key, users.avatar_version AS users_avatar_version, users.timezone AS users_timezone, users.created_at AS users_created_at, users.updated_at AS users_updated_at, users.last_sign_in_at AS users_last_sign_in_at, users.email_verified_at AS users_email_verified_at, users.is_trashed AS users_is_trashed, statuses_1.id AS statuses_1_id, statuses_1.entity_type AS statuses_1_entity_type, statuses_1.key AS statuses_1_key, statuses_1.category AS statuses_1_category, statuses_1.label AS statuses_1_label, statuses_1.color AS statuses_1_color, statuses_1.sort_order AS statuses_1_sort_order, statuses_1.is_initial AS statuses_1_is_initial, statuses_1.is_terminal AS statuses_1_is_terminal, statuses_1.is_active AS statuses_1_is_active, statuses_1.blocks_access AS statuses_1_blocks_access, statuses_1.is_archived AS statuses_1_is_archived, statuses_1.is_default AS statuses_1_is_default, statuses_1.position_x AS statuses_1_position_x, statuses_1.position_y AS statuses_1_position_y, statuses_1.is_system AS statuses_1_is_system, statuses_1.tenant_id AS statuses_1_tenant_id, statuses_1.scope_id AS statuses_1_scope_id, statuses_1.created_at AS statuses_1_created_at, statuses_1.updated_at AS statuses_1_updated_at, tenants_1.id AS tenants_1_id, tenants_1.name AS tenants_1_name, tenants_1.slug AS tenants_1_slug, tenants_1.status_id AS tenants_1_status_id, tenants_1.is_platform AS tenants_1_is_platform, tenants_1.contact_name AS tenants_1_contact_name, tenants_1.contact_email AS tenants_1_contact_email, tenants_1.custom_domain AS tenants_1_custom_domain, tenants_1.notes AS tenants_1_notes, tenants_1.created_at AS tenants_1_created_at, tenants_1.updated_at AS tenants_1_updated_at 
FROM users LEFT OUTER JOIN tenants AS tenants_1 ON tenants_1.id = users.tenant_id LEFT OUTER JOIN statuses AS statuses_1 ON statuses_1.id = tenants_1.status_id 
WHERE users.tenant_id = %(tenant_id_1)s AND users.email = %(email_1)s AND users.is_trashed IS false 
 LIMIT %(param_1)s
2026-09-21 23:57:24,660 INFO sqlalchemy.engine.Engine [generated in 0.00006s] {'tenant_id_1': '00000000-0000-0000-0000-000000000001', 'email_1': 'demo@example.com', 'param_1': 1}
2026-09-21 23:57:24,666 INFO sqlalchemy.engine.Engine SELECT users_1.id AS users_1_id, roles.id AS roles_id, roles.tenant_id AS roles_tenant_id, roles.name AS roles_name, roles.description AS roles_description, roles.is_system AS roles_is_system, roles.created_at AS roles_created_at, roles.updated_at AS roles_updated_at 
FROM users AS users_1 JOIN user_roles AS user_roles_1 ON users_1.id = user_roles_1.user_id JOIN roles ON roles.id = user_roles_1.role_id 
WHERE users_1.id IN (%(primary_keys_1)s)
2026-09-21 23:57:24,666 INFO sqlalchemy.engine.Engine [generated in 0.00008s] {'primary_keys_1': 'ba302dc8-1ad5-4753-b1f2-917a28dc464a'}
2026-09-21 23:57:24,673 INFO sqlalchemy.engine.Engine SELECT roles_1.id AS roles_1_id, permissions.id AS permissions_id, permissions.key AS permissions_key, permissions.module AS permissions_module, permissions.resource AS permissions_resource, permissions.resource_label AS permissions_resource_label, permissions.action AS permissions_action, permissions.action_label AS permissions_action_label, permissions.description AS permissions_description, permissions.created_at AS permissions_created_at 
FROM roles AS roles_1 JOIN role_permissions AS role_permissions_1 ON roles_1.id = role_permissions_1.role_id JOIN permissions ON permissions.id = role_permissions_1.permission_id 
WHERE roles_1.id IN (%(primary_keys_1)s)
2026-09-21 23:57:24,673 INFO sqlalchemy.engine.Engine [generated in 0.00011s] {'primary_keys_1': '6945749e-eb32-417e-9a98-4aa43cb398ca'}
2026-09-21 23:57:24,872 INFO sqlalchemy.engine.Engine UPDATE users SET updated_at=now(), last_sign_in_at=%(last_sign_in_at)s WHERE users.id = %(users_id)s
2026-09-21 23:57:24,872 INFO sqlalchemy.engine.Engine [generated in 0.00011s] {'last_sign_in_at': datetime.datetime(2026, 9, 21, 15, 57, 24, 870620, tzinfo=datetime.timezone.utc), 'users_id': 'ba302dc8-1ad5-4753-b1f2-917a28dc464a'}
2026-09-21 23:57:24,876 INFO sqlalchemy.engine.Engine COMMIT
2026-09-21 23:57:24,881 INFO sqlalchemy.engine.Engine BEGIN (implicit)
2026-09-21 23:57:24,882 INFO sqlalchemy.engine.Engine SELECT users.id AS users_id, users.tenant_id AS users_tenant_id, users.email AS users_email, users.password AS users_password, users.name AS users_name, users.status AS users_status, users.avatar_key AS users_avatar_key, users.avatar_version AS users_avatar_version, users.timezone AS users_timezone, users.created_at AS users_created_at, users.updated_at AS users_updated_at, users.last_sign_in_at AS users_last_sign_in_at, users.email_verified_at AS users_email_verified_at, users.is_trashed AS users_is_trashed, statuses_1.id AS statuses_1_id, statuses_1.entity_type AS statuses_1_entity_type, statuses_1.key AS statuses_1_key, statuses_1.category AS statuses_1_category, statuses_1.label AS statuses_1_label, statuses_1.color AS statuses_1_color, statuses_1.sort_order AS statuses_1_sort_order, statuses_1.is_initial AS statuses_1_is_initial, statuses_1.is_terminal AS statuses_1_is_terminal, statuses_1.is_active AS statuses_1_is_active, statuses_1.blocks_access AS statuses_1_blocks_access, statuses_1.is_archived AS statuses_1_is_archived, statuses_1.is_default AS statuses_1_is_default, statuses_1.position_x AS statuses_1_position_x, statuses_1.position_y AS statuses_1_position_y, statuses_1.is_system AS statuses_1_is_system, statuses_1.tenant_id AS statuses_1_tenant_id, statuses_1.scope_id AS statuses_1_scope_id, statuses_1.created_at AS statuses_1_created_at, statuses_1.updated_at AS statuses_1_updated_at, tenants_1.id AS tenants_1_id, tenants_1.name AS tenants_1_name, tenants_1.slug AS tenants_1_slug, tenants_1.status_id AS tenants_1_status_id, tenants_1.is_platform AS tenants_1_is_platform, tenants_1.contact_name AS tenants_1_contact_name, tenants_1.contact_email AS tenants_1_contact_email, tenants_1.custom_domain AS tenants_1_custom_domain, tenants_1.notes AS tenants_1_notes, tenants_1.created_at AS tenants_1_created_at, tenants_1.updated_at AS tenants_1_updated_at 
FROM users LEFT OUTER JOIN tenants AS tenants_1 ON tenants_1.id = users.tenant_id LEFT OUTER JOIN statuses AS statuses_1 ON statuses_1.id = tenants_1.status_id 
WHERE users.id = %(pk_1)s
2026-09-21 23:57:24,883 INFO sqlalchemy.engine.Engine [generated in 0.00006s] {'pk_1': 'ba302dc8-1ad5-4753-b1f2-917a28dc464a'}
2026-09-21 23:57:24,884 INFO sqlalchemy.engine.Engine SELECT roles.id AS roles_id, roles.tenant_id AS roles_tenant_id, roles.name AS roles_name, roles.description AS roles_description, roles.is_system AS roles_is_system, roles.created_at AS roles_created_at, roles.updated_at AS roles_updated_at 
FROM roles, user_roles 
WHERE %(param_1)s = user_roles.user_id AND roles.id = user_roles.role_id
2026-09-21 23:57:24,884 INFO sqlalchemy.engine.Engine [generated in 0.00004s] {'param_1': 'ba302dc8-1ad5-4753-b1f2-917a28dc464a'}
2026-09-21 23:57:24,885 INFO sqlalchemy.engine.Engine SELECT roles_1.id AS roles_1_id, permissions.id AS permissions_id, permissions.key AS permissions_key, permissions.module AS permissions_module, permissions.resource AS permissions_resource, permissions.resource_label AS permissions_resource_label, permissions.action AS permissions_action, permissions.action_label AS permissions_action_label, permissions.description AS permissions_description, permissions.created_at AS permissions_created_at 
FROM roles AS roles_1 JOIN role_permissions AS role_permissions_1 ON roles_1.id = role_permissions_1.role_id JOIN permissions ON permissions.id = role_permissions_1.permission_id 
WHERE roles_1.id IN (%(primary_keys_1)s)
2026-09-21 23:57:24,885 INFO sqlalchemy.engine.Engine [cached since 0.2116s ago] {'primary_keys_1': '6945749e-eb32-417e-9a98-4aa43cb398ca'}
2026-09-21 23:57:24,911 INFO sqlalchemy.engine.Engine DELETE FROM auth_throttle WHERE auth_throttle.scope = %(scope_1)s AND auth_throttle.key = %(key_1)s
2026-09-21 23:57:24,911 INFO sqlalchemy.engine.Engine [generated in 0.00012s] {'scope_1': 'email', 'key_1': 'demo@example.com'}
2026-09-21 23:57:24,911 INFO sqlalchemy.engine.Engine COMMIT
2026-09-21 23:57:24,912 INFO sqlalchemy.engine.Engine BEGIN (implicit)
2026-09-21 23:57:24,912 INFO sqlalchemy.engine.Engine SELECT users.id AS users_id, users.tenant_id AS users_tenant_id, users.email AS users_email, users.password AS users_password, users.name AS users_name, users.status AS users_status, users.avatar_key AS users_avatar_key, users.avatar_version AS users_avatar_version, users.timezone AS users_timezone, users.created_at AS users_created_at, users.updated_at AS users_updated_at, users.last_sign_in_at AS users_last_sign_in_at, users.email_verified_at AS users_email_verified_at, users.is_trashed AS users_is_trashed, statuses_1.id AS statuses_1_id, statuses_1.entity_type AS statuses_1_entity_type, statuses_1.key AS statuses_1_key, statuses_1.category AS statuses_1_category, statuses_1.label AS statuses_1_label, statuses_1.color AS statuses_1_color, statuses_1.sort_order AS statuses_1_sort_order, statuses_1.is_initial AS statuses_1_is_initial, statuses_1.is_terminal AS statuses_1_is_terminal, statuses_1.is_active AS statuses_1_is_active, statuses_1.blocks_access AS statuses_1_blocks_access, statuses_1.is_archived AS statuses_1_is_archived, statuses_1.is_default AS statuses_1_is_default, statuses_1.position_x AS statuses_1_position_x, statuses_1.position_y AS statuses_1_position_y, statuses_1.is_system AS statuses_1_is_system, statuses_1.tenant_id AS statuses_1_tenant_id, statuses_1.scope_id AS statuses_1_scope_id, statuses_1.created_at AS statuses_1_created_at, statuses_1.updated_at AS statuses_1_updated_at, tenants_1.id AS tenants_1_id, tenants_1.name AS tenants_1_name, tenants_1.slug AS tenants_1_slug, tenants_1.status_id AS tenants_1_status_id, tenants_1.is_platform AS tenants_1_is_platform, tenants_1.contact_name AS tenants_1_contact_name, tenants_1.contact_email AS tenants_1_contact_email, tenants_1.custom_domain AS tenants_1_custom_domain, tenants_1.notes AS tenants_1_notes, tenants_1.created_at AS tenants_1_created_at, tenants_1.updated_at AS tenants_1_updated_at 
FROM users LEFT OUTER JOIN tenants AS tenants_1 ON tenants_1.id = users.tenant_id LEFT OUTER JOIN statuses AS statuses_1 ON statuses_1.id = tenants_1.status_id 
WHERE users.id = %(pk_1)s
2026-09-21 23:57:24,912 INFO sqlalchemy.engine.Engine [cached since 0.02923s ago] {'pk_1': 'ba302dc8-1ad5-4753-b1f2-917a28dc464a'}
2026-09-21 23:57:24,913 INFO sqlalchemy.engine.Engine SELECT roles.id AS roles_id, roles.tenant_id AS roles_tenant_id, roles.name AS roles_name, roles.description AS roles_description, roles.is_system AS roles_is_system, roles.created_at AS roles_created_at, roles.updated_at AS roles_updated_at 
FROM roles, user_roles 
WHERE %(param_1)s = user_roles.user_id AND roles.id = user_roles.role_id
2026-09-21 23:57:24,913 INFO sqlalchemy.engine.Engine [cached since 0.02871s ago] {'param_1': 'ba302dc8-1ad5-4753-b1f2-917a28dc464a'}
2026-09-21 23:57:24,913 INFO sqlalchemy.engine.Engine SELECT roles_1.id AS roles_1_id, permissions.id AS permissions_id, permissions.key AS permissions_key, permissions.module AS permissions_module, permissions.resource AS permissions_resource, permissions.resource_label AS permissions_resource_label, permissions.action AS permissions_action, permissions.action_label AS permissions_action_label, permissions.description AS permissions_description, permissions.created_at AS permissions_created_at 
FROM roles AS roles_1 JOIN role_permissions AS role_permissions_1 ON roles_1.id = role_permissions_1.role_id JOIN permissions ON permissions.id = role_permissions_1.permission_id 
WHERE roles_1.id IN (%(primary_keys_1)s)
2026-09-21 23:57:24,913 INFO sqlalchemy.engine.Engine [cached since 0.2402s ago] {'primary_keys_1': '6945749e-eb32-417e-9a98-4aa43cb398ca'}
INFO:     127.0.0.1:61713 - "POST /auth/login HTTP/1.1" 200 OK
2026-09-21 23:57:24,916 INFO sqlalchemy.engine.Engine ROLLBACK
INFO:     127.0.0.1:61720 - "OPTIONS /impersonation/current HTTP/1.1" 200 OK
INFO:     127.0.0.1:61722 - "OPTIONS /terminology HTTP/1.1" 200 OK
INFO:     127.0.0.1:61724 - "OPTIONS /me/modules HTTP/1.1" 200 OK
2026-09-21 23:57:24,989 INFO sqlalchemy.engine.Engine BEGIN (implicit)
2026-09-21 23:57:25,005 INFO sqlalchemy.engine.Engine SELECT users.id AS users_id, users.tenant_id AS users_tenant_id, users.email AS users_email, users.password AS users_password, users.name AS users_name, users.status AS users_status, users.avatar_key AS users_avatar_key, users.avatar_version AS users_avatar_version, users.timezone AS users_timezone, users.created_at AS users_created_at, users.updated_at AS users_updated_at, users.last_sign_in_at AS users_last_sign_in_at, users.email_verified_at AS users_email_verified_at, users.is_trashed AS users_is_trashed, statuses_1.id AS statuses_1_id, statuses_1.entity_type AS statuses_1_entity_type, statuses_1.key AS statuses_1_key, statuses_1.category AS statuses_1_category, statuses_1.label AS statuses_1_label, statuses_1.color AS statuses_1_color, statuses_1.sort_order AS statuses_1_sort_order, statuses_1.is_initial AS statuses_1_is_initial, statuses_1.is_terminal AS statuses_1_is_terminal, statuses_1.is_active AS statuses_1_is_active, statuses_1.blocks_access AS statuses_1_blocks_access, statuses_1.is_archived AS statuses_1_is_archived, statuses_1.is_default AS statuses_1_is_default, statuses_1.position_x AS statuses_1_position_x, statuses_1.position_y AS statuses_1_position_y, statuses_1.is_system AS statuses_1_is_system, statuses_1.tenant_id AS statuses_1_tenant_id, statuses_1.scope_id AS statuses_1_scope_id, statuses_1.created_at AS statuses_1_created_at, statuses_1.updated_at AS statuses_1_updated_at, tenants_1.id AS tenants_1_id, tenants_1.name AS tenants_1_name, tenants_1.slug AS tenants_1_slug, tenants_1.status_id AS tenants_1_status_id, tenants_1.is_platform AS tenants_1_is_platform, tenants_1.contact_name AS tenants_1_contact_name, tenants_1.contact_email AS tenants_1_contact_email, tenants_1.custom_domain AS tenants_1_custom_domain, tenants_1.notes AS tenants_1_notes, tenants_1.created_at AS tenants_1_created_at, tenants_1.updated_at AS tenants_1_updated_at 
FROM users LEFT OUTER JOIN tenants AS tenants_1 ON tenants_1.id = users.tenant_id LEFT OUTER JOIN statuses AS statuses_1 ON statuses_1.id = tenants_1.status_id 
WHERE users.tenant_id = %(tenant_id_1)s AND users.id = %(id_1)s AND users.is_trashed IS false 
 LIMIT %(param_1)s
2026-09-21 23:57:25,005 INFO sqlalchemy.engine.Engine [generated in 0.00013s] {'tenant_id_1': '00000000-0000-0000-0000-000000000001', 'id_1': 'ba302dc8-1ad5-4753-b1f2-917a28dc464a', 'param_1': 1}
2026-09-21 23:57:25,016 INFO sqlalchemy.engine.Engine SELECT users_1.id AS users_1_id, roles.id AS roles_id, roles.tenant_id AS roles_tenant_id, roles.name AS roles_name, roles.description AS roles_description, roles.is_system AS roles_is_system, roles.created_at AS roles_created_at, roles.updated_at AS roles_updated_at 
FROM users AS users_1 JOIN user_roles AS user_roles_1 ON users_1.id = user_roles_1.user_id JOIN roles ON roles.id = user_roles_1.role_id 
WHERE users_1.id IN (%(primary_keys_1)s)
2026-09-21 23:57:25,023 INFO sqlalchemy.engine.Engine [cached since 0.3571s ago] {'primary_keys_1': 'ba302dc8-1ad5-4753-b1f2-917a28dc464a'}
2026-09-21 23:57:25,040 INFO sqlalchemy.engine.Engine SELECT roles_1.id AS roles_1_id, permissions.id AS permissions_id, permissions.key AS permissions_key, permissions.module AS permissions_module, permissions.resource AS permissions_resource, permissions.resource_label AS permissions_resource_label, permissions.action AS permissions_action, permissions.action_label AS permissions_action_label, permissions.description AS permissions_description, permissions.created_at AS permissions_created_at 
FROM roles AS roles_1 JOIN role_permissions AS role_permissions_1 ON roles_1.id = role_permissions_1.role_id JOIN permissions ON permissions.id = role_permissions_1.permission_id 
WHERE roles_1.id IN (%(primary_keys_1)s)
2026-09-21 23:57:25,048 INFO sqlalchemy.engine.Engine [cached since 0.3746s ago] {'primary_keys_1': '6945749e-eb32-417e-9a98-4aa43cb398ca'}
INFO:     127.0.0.1:61724 - "OPTIONS /jobs?page=0&page_size=25 HTTP/1.1" 200 OK
INFO:     127.0.0.1:61729 - "OPTIONS /imports?page=0&page_size=10 HTTP/1.1" 200 OK
INFO:     127.0.0.1:61730 - "OPTIONS /auth/me HTTP/1.1" 200 OK
2026-09-21 23:57:25,063 INFO sqlalchemy.engine.Engine SELECT impersonation_sessions.id AS impersonation_sessions_id, impersonation_sessions.admin_user_id AS impersonation_sessions_admin_user_id, impersonation_sessions.target_user_id AS impersonation_sessions_target_user_id, impersonation_sessions.tenant_id AS impersonation_sessions_tenant_id, impersonation_sessions.started_at AS impersonation_sessions_started_at, impersonation_sessions.ended_at AS impersonation_sessions_ended_at, impersonation_sessions.started_ip AS impersonation_sessions_started_ip, impersonation_sessions.started_user_agent AS impersonation_sessions_started_user_agent 
FROM impersonation_sessions 
WHERE impersonation_sessions.admin_user_id = %(admin_user_id_1)s AND impersonation_sessions.ended_at IS NULL 
 LIMIT %(param_1)s
2026-09-21 23:57:25,063 INFO sqlalchemy.engine.Engine [generated in 0.00012s] {'admin_user_id_1': 'ba302dc8-1ad5-4753-b1f2-917a28dc464a', 'param_1': 1}
INFO:     127.0.0.1:61720 - "GET /impersonation/current HTTP/1.1" 200 OK
2026-09-21 23:57:25,113 INFO sqlalchemy.engine.Engine ROLLBACK
2026-09-21 23:57:25,120 INFO sqlalchemy.engine.Engine BEGIN (implicit)
2026-09-21 23:57:25,120 INFO sqlalchemy.engine.Engine SELECT users.id AS users_id, users.tenant_id AS users_tenant_id, users.email AS users_email, users.password AS users_password, users.name AS users_name, users.status AS users_status, users.avatar_key AS users_avatar_key, users.avatar_version AS users_avatar_version, users.timezone AS users_timezone, users.created_at AS users_created_at, users.updated_at AS users_updated_at, users.last_sign_in_at AS users_last_sign_in_at, users.email_verified_at AS users_email_verified_at, users.is_trashed AS users_is_trashed, statuses_1.id AS statuses_1_id, statuses_1.entity_type AS statuses_1_entity_type, statuses_1.key AS statuses_1_key, statuses_1.category AS statuses_1_category, statuses_1.label AS statuses_1_label, statuses_1.color AS statuses_1_color, statuses_1.sort_order AS statuses_1_sort_order, statuses_1.is_initial AS statuses_1_is_initial, statuses_1.is_terminal AS statuses_1_is_terminal, statuses_1.is_active AS statuses_1_is_active, statuses_1.blocks_access AS statuses_1_blocks_access, statuses_1.is_archived AS statuses_1_is_archived, statuses_1.is_default AS statuses_1_is_default, statuses_1.position_x AS statuses_1_position_x, statuses_1.position_y AS statuses_1_position_y, statuses_1.is_system AS statuses_1_is_system, statuses_1.tenant_id AS statuses_1_tenant_id, statuses_1.scope_id AS statuses_1_scope_id, statuses_1.created_at AS statuses_1_created_at, statuses_1.updated_at AS statuses_1_updated_at, tenants_1.id AS tenants_1_id, tenants_1.name AS tenants_1_name, tenants_1.slug AS tenants_1_slug, tenants_1.status_id AS tenants_1_status_id, tenants_1.is_platform AS tenants_1_is_platform, tenants_1.contact_name AS tenants_1_contact_name, tenants_1.contact_email AS tenants_1_contact_email, tenants_1.custom_domain AS tenants_1_custom_domain, tenants_1.notes AS tenants_1_notes, tenants_1.created_at AS tenants_1_created_at, tenants_1.updated_at AS tenants_1_updated_at 
FROM users LEFT OUTER JOIN tenants AS tenants_1 ON tenants_1.id = users.tenant_id LEFT OUTER JOIN statuses AS statuses_1 ON statuses_1.id = tenants_1.status_id 
WHERE users.tenant_id = %(tenant_id_1)s AND users.id = %(id_1)s AND users.is_trashed IS false 
 LIMIT %(param_1)s
2026-09-21 23:57:25,120 INFO sqlalchemy.engine.Engine [cached since 0.1152s ago] {'tenant_id_1': '00000000-0000-0000-0000-000000000001', 'id_1': 'ba302dc8-1ad5-4753-b1f2-917a28dc464a', 'param_1': 1}
2026-09-21 23:57:25,121 INFO sqlalchemy.engine.Engine BEGIN (implicit)
2026-09-21 23:57:25,121 INFO sqlalchemy.engine.Engine SELECT users.id AS users_id, users.tenant_id AS users_tenant_id, users.email AS users_email, users.password AS users_password, users.name AS users_name, users.status AS users_status, users.avatar_key AS users_avatar_key, users.avatar_version AS users_avatar_version, users.timezone AS users_timezone, users.created_at AS users_created_at, users.updated_at AS users_updated_at, users.last_sign_in_at AS users_last_sign_in_at, users.email_verified_at AS users_email_verified_at, users.is_trashed AS users_is_trashed, statuses_1.id AS statuses_1_id, statuses_1.entity_type AS statuses_1_entity_type, statuses_1.key AS statuses_1_key, statuses_1.category AS statuses_1_category, statuses_1.label AS statuses_1_label, statuses_1.color AS statuses_1_color, statuses_1.sort_order AS statuses_1_sort_order, statuses_1.is_initial AS statuses_1_is_initial, statuses_1.is_terminal AS statuses_1_is_terminal, statuses_1.is_active AS statuses_1_is_active, statuses_1.blocks_access AS statuses_1_blocks_access, statuses_1.is_archived AS statuses_1_is_archived, statuses_1.is_default AS statuses_1_is_default, statuses_1.position_x AS statuses_1_position_x, statuses_1.position_y AS statuses_1_position_y, statuses_1.is_system AS statuses_1_is_system, statuses_1.tenant_id AS statuses_1_tenant_id, statuses_1.scope_id AS statuses_1_scope_id, statuses_1.created_at AS statuses_1_created_at, statuses_1.updated_at AS statuses_1_updated_at, tenants_1.id AS tenants_1_id, tenants_1.name AS tenants_1_name, tenants_1.slug AS tenants_1_slug, tenants_1.status_id AS tenants_1_status_id, tenants_1.is_platform AS tenants_1_is_platform, tenants_1.contact_name AS tenants_1_contact_name, tenants_1.contact_email AS tenants_1_contact_email, tenants_1.custom_domain AS tenants_1_custom_domain, tenants_1.notes AS tenants_1_notes, tenants_1.created_at AS tenants_1_created_at, tenants_1.updated_at AS tenants_1_updated_at 
FROM users LEFT OUTER JOIN tenants AS tenants_1 ON tenants_1.id = users.tenant_id LEFT OUTER JOIN statuses AS statuses_1 ON statuses_1.id = tenants_1.status_id 
WHERE users.tenant_id = %(tenant_id_1)s AND users.id = %(id_1)s AND users.is_trashed IS false 
 LIMIT %(param_1)s
2026-09-21 23:57:25,121 INFO sqlalchemy.engine.Engine [cached since 0.1161s ago] {'tenant_id_1': '00000000-0000-0000-0000-000000000001', 'id_1': 'ba302dc8-1ad5-4753-b1f2-917a28dc464a', 'param_1': 1}
2026-09-21 23:57:25,123 INFO sqlalchemy.engine.Engine BEGIN (implicit)
2026-09-21 23:57:25,123 INFO sqlalchemy.engine.Engine SELECT users.id AS users_id, users.tenant_id AS users_tenant_id, users.email AS users_email, users.password AS users_password, users.name AS users_name, users.status AS users_status, users.avatar_key AS users_avatar_key, users.avatar_version AS users_avatar_version, users.timezone AS users_timezone, users.created_at AS users_created_at, users.updated_at AS users_updated_at, users.last_sign_in_at AS users_last_sign_in_at, users.email_verified_at AS users_email_verified_at, users.is_trashed AS users_is_trashed, statuses_1.id AS statuses_1_id, statuses_1.entity_type AS statuses_1_entity_type, statuses_1.key AS statuses_1_key, statuses_1.category AS statuses_1_category, statuses_1.label AS statuses_1_label, statuses_1.color AS statuses_1_color, statuses_1.sort_order AS statuses_1_sort_order, statuses_1.is_initial AS statuses_1_is_initial, statuses_1.is_terminal AS statuses_1_is_terminal, statuses_1.is_active AS statuses_1_is_active, statuses_1.blocks_access AS statuses_1_blocks_access, statuses_1.is_archived AS statuses_1_is_archived, statuses_1.is_default AS statuses_1_is_default, statuses_1.position_x AS statuses_1_position_x, statuses_1.position_y AS statuses_1_position_y, statuses_1.is_system AS statuses_1_is_system, statuses_1.tenant_id AS statuses_1_tenant_id, statuses_1.scope_id AS statuses_1_scope_id, statuses_1.created_at AS statuses_1_created_at, statuses_1.updated_at AS statuses_1_updated_at, tenants_1.id AS tenants_1_id, tenants_1.name AS tenants_1_name, tenants_1.slug AS tenants_1_slug, tenants_1.status_id AS tenants_1_status_id, tenants_1.is_platform AS tenants_1_is_platform, tenants_1.contact_name AS tenants_1_contact_name, tenants_1.contact_email AS tenants_1_contact_email, tenants_1.custom_domain AS tenants_1_custom_domain, tenants_1.notes AS tenants_1_notes, tenants_1.created_at AS tenants_1_created_at, tenants_1.updated_at AS tenants_1_updated_at 
FROM users LEFT OUTER JOIN tenants AS tenants_1 ON tenants_1.id = users.tenant_id LEFT OUTER JOIN statuses AS statuses_1 ON statuses_1.id = tenants_1.status_id 
WHERE users.tenant_id = %(tenant_id_1)s AND users.id = %(id_1)s AND users.is_trashed IS false 
 LIMIT %(param_1)s
2026-09-21 23:57:25,124 INFO sqlalchemy.engine.Engine [cached since 0.1183s ago] {'tenant_id_1': '00000000-0000-0000-0000-000000000001', 'id_1': 'ba302dc8-1ad5-4753-b1f2-917a28dc464a', 'param_1': 1}
2026-09-21 23:57:25,124 INFO sqlalchemy.engine.Engine BEGIN (implicit)
2026-09-21 23:57:25,124 INFO sqlalchemy.engine.Engine SELECT users.id AS users_id, users.tenant_id AS users_tenant_id, users.email AS users_email, users.password AS users_password, users.name AS users_name, users.status AS users_status, users.avatar_key AS users_avatar_key, users.avatar_version AS users_avatar_version, users.timezone AS users_timezone, users.created_at AS users_created_at, users.updated_at AS users_updated_at, users.last_sign_in_at AS users_last_sign_in_at, users.email_verified_at AS users_email_verified_at, users.is_trashed AS users_is_trashed, statuses_1.id AS statuses_1_id, statuses_1.entity_type AS statuses_1_entity_type, statuses_1.key AS statuses_1_key, statuses_1.category AS statuses_1_category, statuses_1.label AS statuses_1_label, statuses_1.color AS statuses_1_color, statuses_1.sort_order AS statuses_1_sort_order, statuses_1.is_initial AS statuses_1_is_initial, statuses_1.is_terminal AS statuses_1_is_terminal, statuses_1.is_active AS statuses_1_is_active, statuses_1.blocks_access AS statuses_1_blocks_access, statuses_1.is_archived AS statuses_1_is_archived, statuses_1.is_default AS statuses_1_is_default, statuses_1.position_x AS statuses_1_position_x, statuses_1.position_y AS statuses_1_position_y, statuses_1.is_system AS statuses_1_is_system, statuses_1.tenant_id AS statuses_1_tenant_id, statuses_1.scope_id AS statuses_1_scope_id, statuses_1.created_at AS statuses_1_created_at, statuses_1.updated_at AS statuses_1_updated_at, tenants_1.id AS tenants_1_id, tenants_1.name AS tenants_1_name, tenants_1.slug AS tenants_1_slug, tenants_1.status_id AS tenants_1_status_id, tenants_1.is_platform AS tenants_1_is_platform, tenants_1.contact_name AS tenants_1_contact_name, tenants_1.contact_email AS tenants_1_contact_email, tenants_1.custom_domain AS tenants_1_custom_domain, tenants_1.notes AS tenants_1_notes, tenants_1.created_at AS tenants_1_created_at, tenants_1.updated_at AS tenants_1_updated_at 
FROM users LEFT OUTER JOIN tenants AS tenants_1 ON tenants_1.id = users.tenant_id LEFT OUTER JOIN statuses AS statuses_1 ON statuses_1.id = tenants_1.status_id 
WHERE users.tenant_id = %(tenant_id_1)s AND users.id = %(id_1)s AND users.is_trashed IS false 
 LIMIT %(param_1)s
2026-09-21 23:57:25,124 INFO sqlalchemy.engine.Engine [cached since 0.1189s ago] {'tenant_id_1': '00000000-0000-0000-0000-000000000001', 'id_1': 'ba302dc8-1ad5-4753-b1f2-917a28dc464a', 'param_1': 1}
2026-09-21 23:57:25,126 INFO sqlalchemy.engine.Engine BEGIN (implicit)
2026-09-21 23:57:25,127 INFO sqlalchemy.engine.Engine SELECT users.id AS users_id, users.tenant_id AS users_tenant_id, users.email AS users_email, users.password AS users_password, users.name AS users_name, users.status AS users_status, users.avatar_key AS users_avatar_key, users.avatar_version AS users_avatar_version, users.timezone AS users_timezone, users.created_at AS users_created_at, users.updated_at AS users_updated_at, users.last_sign_in_at AS users_last_sign_in_at, users.email_verified_at AS users_email_verified_at, users.is_trashed AS users_is_trashed, statuses_1.id AS statuses_1_id, statuses_1.entity_type AS statuses_1_entity_type, statuses_1.key AS statuses_1_key, statuses_1.category AS statuses_1_category, statuses_1.label AS statuses_1_label, statuses_1.color AS statuses_1_color, statuses_1.sort_order AS statuses_1_sort_order, statuses_1.is_initial AS statuses_1_is_initial, statuses_1.is_terminal AS statuses_1_is_terminal, statuses_1.is_active AS statuses_1_is_active, statuses_1.blocks_access AS statuses_1_blocks_access, statuses_1.is_archived AS statuses_1_is_archived, statuses_1.is_default AS statuses_1_is_default, statuses_1.position_x AS statuses_1_position_x, statuses_1.position_y AS statuses_1_position_y, statuses_1.is_system AS statuses_1_is_system, statuses_1.tenant_id AS statuses_1_tenant_id, statuses_1.scope_id AS statuses_1_scope_id, statuses_1.created_at AS statuses_1_created_at, statuses_1.updated_at AS statuses_1_updated_at, tenants_1.id AS tenants_1_id, tenants_1.name AS tenants_1_name, tenants_1.slug AS tenants_1_slug, tenants_1.status_id AS tenants_1_status_id, tenants_1.is_platform AS tenants_1_is_platform, tenants_1.contact_name AS tenants_1_contact_name, tenants_1.contact_email AS tenants_1_contact_email, tenants_1.custom_domain AS tenants_1_custom_domain, tenants_1.notes AS tenants_1_notes, tenants_1.created_at AS tenants_1_created_at, tenants_1.updated_at AS tenants_1_updated_at 
FROM users LEFT OUTER JOIN tenants AS tenants_1 ON tenants_1.id = users.tenant_id LEFT OUTER JOIN statuses AS statuses_1 ON statuses_1.id = tenants_1.status_id 
WHERE users.tenant_id = %(tenant_id_1)s AND users.id = %(id_1)s AND users.is_trashed IS false 
 LIMIT %(param_1)s
2026-09-21 23:57:25,128 INFO sqlalchemy.engine.Engine [cached since 0.1224s ago] {'tenant_id_1': '00000000-0000-0000-0000-000000000001', 'id_1': 'ba302dc8-1ad5-4753-b1f2-917a28dc464a', 'param_1': 1}
2026-09-21 23:57:25,128 INFO sqlalchemy.engine.Engine SELECT users_1.id AS users_1_id, roles.id AS roles_id, roles.tenant_id AS roles_tenant_id, roles.name AS roles_name, roles.description AS roles_description, roles.is_system AS roles_is_system, roles.created_at AS roles_created_at, roles.updated_at AS roles_updated_at 
FROM users AS users_1 JOIN user_roles AS user_roles_1 ON users_1.id = user_roles_1.user_id JOIN roles ON roles.id = user_roles_1.role_id 
WHERE users_1.id IN (%(primary_keys_1)s)
2026-09-21 23:57:25,128 INFO sqlalchemy.engine.Engine [cached since 0.4617s ago] {'primary_keys_1': 'ba302dc8-1ad5-4753-b1f2-917a28dc464a'}
2026-09-21 23:57:25,127 INFO sqlalchemy.engine.Engine SELECT users_1.id AS users_1_id, roles.id AS roles_id, roles.tenant_id AS roles_tenant_id, roles.name AS roles_name, roles.description AS roles_description, roles.is_system AS roles_is_system, roles.created_at AS roles_created_at, roles.updated_at AS roles_updated_at 
FROM users AS users_1 JOIN user_roles AS user_roles_1 ON users_1.id = user_roles_1.user_id JOIN roles ON roles.id = user_roles_1.role_id 
WHERE users_1.id IN (%(primary_keys_1)s)
2026-09-21 23:57:25,128 INFO sqlalchemy.engine.Engine [cached since 0.4617s ago] {'primary_keys_1': 'ba302dc8-1ad5-4753-b1f2-917a28dc464a'}
2026-09-21 23:57:25,129 INFO sqlalchemy.engine.Engine SELECT users_1.id AS users_1_id, roles.id AS roles_id, roles.tenant_id AS roles_tenant_id, roles.name AS roles_name, roles.description AS roles_description, roles.is_system AS roles_is_system, roles.created_at AS roles_created_at, roles.updated_at AS roles_updated_at 
FROM users AS users_1 JOIN user_roles AS user_roles_1 ON users_1.id = user_roles_1.user_id JOIN roles ON roles.id = user_roles_1.role_id 
WHERE users_1.id IN (%(primary_keys_1)s)
2026-09-21 23:57:25,130 INFO sqlalchemy.engine.Engine [cached since 0.4636s ago] {'primary_keys_1': 'ba302dc8-1ad5-4753-b1f2-917a28dc464a'}
2026-09-21 23:57:25,130 INFO sqlalchemy.engine.Engine SELECT users_1.id AS users_1_id, roles.id AS roles_id, roles.tenant_id AS roles_tenant_id, roles.name AS roles_name, roles.description AS roles_description, roles.is_system AS roles_is_system, roles.created_at AS roles_created_at, roles.updated_at AS roles_updated_at 
FROM users AS users_1 JOIN user_roles AS user_roles_1 ON users_1.id = user_roles_1.user_id JOIN roles ON roles.id = user_roles_1.role_id 
WHERE users_1.id IN (%(primary_keys_1)s)
2026-09-21 23:57:25,131 INFO sqlalchemy.engine.Engine [cached since 0.4648s ago] {'primary_keys_1': 'ba302dc8-1ad5-4753-b1f2-917a28dc464a'}
2026-09-21 23:57:25,129 INFO sqlalchemy.engine.Engine SELECT roles_1.id AS roles_1_id, permissions.id AS permissions_id, permissions.key AS permissions_key, permissions.module AS permissions_module, permissions.resource AS permissions_resource, permissions.resource_label AS permissions_resource_label, permissions.action AS permissions_action, permissions.action_label AS permissions_action_label, permissions.description AS permissions_description, permissions.created_at AS permissions_created_at 
FROM roles AS roles_1 JOIN role_permissions AS role_permissions_1 ON roles_1.id = role_permissions_1.role_id JOIN permissions ON permissions.id = role_permissions_1.permission_id 
WHERE roles_1.id IN (%(primary_keys_1)s)
2026-09-21 23:57:25,131 INFO sqlalchemy.engine.Engine [cached since 0.4581s ago] {'primary_keys_1': '6945749e-eb32-417e-9a98-4aa43cb398ca'}
2026-09-21 23:57:25,131 INFO sqlalchemy.engine.Engine SELECT roles_1.id AS roles_1_id, permissions.id AS permissions_id, permissions.key AS permissions_key, permissions.module AS permissions_module, permissions.resource AS permissions_resource, permissions.resource_label AS permissions_resource_label, permissions.action AS permissions_action, permissions.action_label AS permissions_action_label, permissions.description AS permissions_description, permissions.created_at AS permissions_created_at 
FROM roles AS roles_1 JOIN role_permissions AS role_permissions_1 ON roles_1.id = role_permissions_1.role_id JOIN permissions ON permissions.id = role_permissions_1.permission_id 
WHERE roles_1.id IN (%(primary_keys_1)s)
2026-09-21 23:57:25,132 INFO sqlalchemy.engine.Engine [cached since 0.4584s ago] {'primary_keys_1': '6945749e-eb32-417e-9a98-4aa43cb398ca'}
2026-09-21 23:57:25,133 INFO sqlalchemy.engine.Engine SELECT users_1.id AS users_1_id, roles.id AS roles_id, roles.tenant_id AS roles_tenant_id, roles.name AS roles_name, roles.description AS roles_description, roles.is_system AS roles_is_system, roles.created_at AS roles_created_at, roles.updated_at AS roles_updated_at 
FROM users AS users_1 JOIN user_roles AS user_roles_1 ON users_1.id = user_roles_1.user_id JOIN roles ON roles.id = user_roles_1.role_id 
WHERE users_1.id IN (%(primary_keys_1)s)
2026-09-21 23:57:25,133 INFO sqlalchemy.engine.Engine [cached since 0.4673s ago] {'primary_keys_1': 'ba302dc8-1ad5-4753-b1f2-917a28dc464a'}
2026-09-21 23:57:25,134 INFO sqlalchemy.engine.Engine SELECT roles_1.id AS roles_1_id, permissions.id AS permissions_id, permissions.key AS permissions_key, permissions.module AS permissions_module, permissions.resource AS permissions_resource, permissions.resource_label AS permissions_resource_label, permissions.action AS permissions_action, permissions.action_label AS permissions_action_label, permissions.description AS permissions_description, permissions.created_at AS permissions_created_at 
FROM roles AS roles_1 JOIN role_permissions AS role_permissions_1 ON roles_1.id = role_permissions_1.role_id JOIN permissions ON permissions.id = role_permissions_1.permission_id 
WHERE roles_1.id IN (%(primary_keys_1)s)
2026-09-21 23:57:25,134 INFO sqlalchemy.engine.Engine [cached since 0.4606s ago] {'primary_keys_1': '6945749e-eb32-417e-9a98-4aa43cb398ca'}
2026-09-21 23:57:25,134 INFO sqlalchemy.engine.Engine SELECT roles_1.id AS roles_1_id, permissions.id AS permissions_id, permissions.key AS permissions_key, permissions.module AS permissions_module, permissions.resource AS permissions_resource, permissions.resource_label AS permissions_resource_label, permissions.action AS permissions_action, permissions.action_label AS permissions_action_label, permissions.description AS permissions_description, permissions.created_at AS permissions_created_at 
FROM roles AS roles_1 JOIN role_permissions AS role_permissions_1 ON roles_1.id = role_permissions_1.role_id JOIN permissions ON permissions.id = role_permissions_1.permission_id 
WHERE roles_1.id IN (%(primary_keys_1)s)
2026-09-21 23:57:25,134 INFO sqlalchemy.engine.Engine [cached since 0.4608s ago] {'primary_keys_1': '6945749e-eb32-417e-9a98-4aa43cb398ca'}
2026-09-21 23:57:25,134 INFO sqlalchemy.engine.Engine SELECT roles_1.id AS roles_1_id, permissions.id AS permissions_id, permissions.key AS permissions_key, permissions.module AS permissions_module, permissions.resource AS permissions_resource, permissions.resource_label AS permissions_resource_label, permissions.action AS permissions_action, permissions.action_label AS permissions_action_label, permissions.description AS permissions_description, permissions.created_at AS permissions_created_at 
FROM roles AS roles_1 JOIN role_permissions AS role_permissions_1 ON roles_1.id = role_permissions_1.role_id JOIN permissions ON permissions.id = role_permissions_1.permission_id 
WHERE roles_1.id IN (%(primary_keys_1)s)
2026-09-21 23:57:25,134 INFO sqlalchemy.engine.Engine [cached since 0.4613s ago] {'primary_keys_1': '6945749e-eb32-417e-9a98-4aa43cb398ca'}
2026-09-21 23:57:25,141 INFO sqlalchemy.engine.Engine SELECT tenant_modules.id AS tenant_modules_id, tenant_modules.tenant_id AS tenant_modules_tenant_id, tenant_modules.module_id AS tenant_modules_module_id, tenant_modules.status AS tenant_modules_status, tenant_modules.installed_version AS tenant_modules_installed_version, tenant_modules.installed_at AS tenant_modules_installed_at, tenant_modules.updated_at AS tenant_modules_updated_at, modules_1.id AS modules_1_id, modules_1.name AS modules_1_name, modules_1.version AS modules_1_version, modules_1.title AS modules_1_title, modules_1.description AS modules_1_description, modules_1.icon AS modules_1_icon, modules_1.is_listed AS modules_1_is_listed, modules_1.created_at AS modules_1_created_at, modules_1.updated_at AS modules_1_updated_at 
FROM tenant_modules LEFT OUTER JOIN modules AS modules_1 ON modules_1.id = tenant_modules.module_id 
WHERE tenant_modules.tenant_id = %(tenant_id_1)s
2026-09-21 23:57:25,141 INFO sqlalchemy.engine.Engine [generated in 0.00012s] {'tenant_id_1': '00000000-0000-0000-0000-000000000001'}
2026-09-21 23:57:25,142 INFO sqlalchemy.engine.Engine SELECT terminology_overrides.id AS terminology_overrides_id, terminology_overrides.tenant_id AS terminology_overrides_tenant_id, terminology_overrides.entity_key AS terminology_overrides_entity_key, terminology_overrides.singular AS terminology_overrides_singular, terminology_overrides.plural AS terminology_overrides_plural, terminology_overrides.updated_at AS terminology_overrides_updated_at, terminology_overrides.updated_by AS terminology_overrides_updated_by 
FROM terminology_overrides 
WHERE terminology_overrides.tenant_id = %(tenant_id_1)s
2026-09-21 23:57:25,144 INFO sqlalchemy.engine.Engine SELECT count(*) AS count_1 
FROM (SELECT background_jobs.id AS background_jobs_id, background_jobs.tenant_id AS background_jobs_tenant_id, background_jobs.type AS background_jobs_type, background_jobs.status AS background_jobs_status, background_jobs.actor_user_id AS background_jobs_actor_user_id, background_jobs.payload_json AS background_jobs_payload_json, background_jobs.result_json AS background_jobs_result_json, background_jobs.cursor_json AS background_jobs_cursor_json, background_jobs.logs_json AS background_jobs_logs_json, background_jobs.progress_total AS background_jobs_progress_total, background_jobs.progress_done AS background_jobs_progress_done, background_jobs.progress_failed AS background_jobs_progress_failed, background_jobs.error AS background_jobs_error, background_jobs.created_at AS background_jobs_created_at, background_jobs.started_at AS background_jobs_started_at, background_jobs.heartbeat_at AS background_jobs_heartbeat_at, background_jobs.finished_at AS background_jobs_finished_at 
FROM background_jobs 
WHERE background_jobs.tenant_id = %(tenant_id_1)s) AS anon_1
2026-09-21 23:57:25,146 INFO sqlalchemy.engine.Engine [generated in 0.00237s] {'tenant_id_1': '00000000-0000-0000-0000-000000000001'}
2026-09-21 23:57:25,146 INFO sqlalchemy.engine.Engine [generated in 0.00344s] {'tenant_id_1': '00000000-0000-0000-0000-000000000001'}
2026-09-21 23:57:25,145 INFO sqlalchemy.engine.Engine SELECT count(*) AS count_1 
FROM (SELECT import_jobs.id AS import_jobs_id, import_jobs.tenant_id AS import_jobs_tenant_id, import_jobs.actor_user_id AS import_jobs_actor_user_id, import_jobs.entity_type AS import_jobs_entity_type, import_jobs.mode AS import_jobs_mode, import_jobs.abort_on_invalid AS import_jobs_abort_on_invalid, import_jobs.context_json AS import_jobs_context_json, import_jobs.trigger_automations AS import_jobs_trigger_automations, import_jobs.assumed_tz AS import_jobs_assumed_tz, import_jobs.file_storage_key AS import_jobs_file_storage_key, import_jobs.files_purged AS import_jobs_files_purged, import_jobs.sheet_name AS import_jobs_sheet_name, import_jobs.mapping_json AS import_jobs_mapping_json, import_jobs.status AS import_jobs_status, import_jobs.total_rows AS import_jobs_total_rows, import_jobs.valid_rows AS import_jobs_valid_rows, import_jobs.invalid_rows AS import_jobs_invalid_rows, import_jobs.error_report_key AS import_jobs_error_report_key, import_jobs.errors_json AS import_jobs_errors_json, import_jobs.created_ids AS import_jobs_created_ids, import_jobs.updated_ids AS import_jobs_updated_ids, import_jobs.created_at AS import_jobs_created_at, import_jobs.validated_at AS import_jobs_validated_at, import_jobs.committed_at AS import_jobs_committed_at, import_jobs.finished_at AS import_jobs_finished_at 
FROM import_jobs 
WHERE import_jobs.tenant_id = %(tenant_id_1)s) AS anon_1
INFO:     127.0.0.1:61730 - "GET /auth/me HTTP/1.1" 200 OK
2026-09-21 23:57:25,147 INFO sqlalchemy.engine.Engine [generated in 0.00119s] {'tenant_id_1': '00000000-0000-0000-0000-000000000001'}
INFO:     127.0.0.1:61726 - "GET /me/modules HTTP/1.1" 200 OK
2026-09-21 23:57:25,147 INFO sqlalchemy.engine.Engine ROLLBACK
2026-09-21 23:57:25,147 INFO sqlalchemy.engine.Engine ROLLBACK
2026-09-21 23:57:25,150 INFO sqlalchemy.engine.Engine SELECT modules.name AS modules_name 
FROM modules JOIN tenant_modules ON tenant_modules.module_id = modules.id 
WHERE tenant_modules.tenant_id = %(tenant_id_1)s AND tenant_modules.status = %(status_1)s
2026-09-21 23:57:25,150 INFO sqlalchemy.engine.Engine [generated in 0.00006s] {'tenant_id_1': '00000000-0000-0000-0000-000000000001', 'status_1': 'ACTIVE'}
2026-09-21 23:57:25,151 INFO sqlalchemy.engine.Engine SELECT import_jobs.id AS import_jobs_id, import_jobs.tenant_id AS import_jobs_tenant_id, import_jobs.actor_user_id AS import_jobs_actor_user_id, import_jobs.entity_type AS import_jobs_entity_type, import_jobs.mode AS import_jobs_mode, import_jobs.abort_on_invalid AS import_jobs_abort_on_invalid, import_jobs.context_json AS import_jobs_context_json, import_jobs.trigger_automations AS import_jobs_trigger_automations, import_jobs.assumed_tz AS import_jobs_assumed_tz, import_jobs.file_storage_key AS import_jobs_file_storage_key, import_jobs.files_purged AS import_jobs_files_purged, import_jobs.sheet_name AS import_jobs_sheet_name, import_jobs.mapping_json AS import_jobs_mapping_json, import_jobs.status AS import_jobs_status, import_jobs.total_rows AS import_jobs_total_rows, import_jobs.valid_rows AS import_jobs_valid_rows, import_jobs.invalid_rows AS import_jobs_invalid_rows, import_jobs.error_report_key AS import_jobs_error_report_key, import_jobs.errors_json AS import_jobs_errors_json, import_jobs.created_ids AS import_jobs_created_ids, import_jobs.updated_ids AS import_jobs_updated_ids, import_jobs.created_at AS import_jobs_created_at, import_jobs.validated_at AS import_jobs_validated_at, import_jobs.committed_at AS import_jobs_committed_at, import_jobs.finished_at AS import_jobs_finished_at 
FROM import_jobs 
WHERE import_jobs.tenant_id = %(tenant_id_1)s ORDER BY import_jobs.created_at DESC 
 LIMIT %(param_1)s OFFSET %(param_2)s
2026-09-21 23:57:25,151 INFO sqlalchemy.engine.Engine [generated in 0.00016s] {'tenant_id_1': '00000000-0000-0000-0000-000000000001', 'param_1': 10, 'param_2': 0}
2026-09-21 23:57:25,152 INFO sqlalchemy.engine.Engine SELECT background_jobs.id AS background_jobs_id, background_jobs.tenant_id AS background_jobs_tenant_id, background_jobs.type AS background_jobs_type, background_jobs.status AS background_jobs_status, background_jobs.actor_user_id AS background_jobs_actor_user_id, background_jobs.payload_json AS background_jobs_payload_json, background_jobs.result_json AS background_jobs_result_json, background_jobs.cursor_json AS background_jobs_cursor_json, background_jobs.logs_json AS background_jobs_logs_json, background_jobs.progress_total AS background_jobs_progress_total, background_jobs.progress_done AS background_jobs_progress_done, background_jobs.progress_failed AS background_jobs_progress_failed, background_jobs.error AS background_jobs_error, background_jobs.created_at AS background_jobs_created_at, background_jobs.started_at AS background_jobs_started_at, background_jobs.heartbeat_at AS background_jobs_heartbeat_at, background_jobs.finished_at AS background_jobs_finished_at 
FROM background_jobs 
WHERE background_jobs.tenant_id = %(tenant_id_1)s ORDER BY background_jobs.created_at DESC 
 LIMIT %(param_1)s OFFSET %(param_2)s
2026-09-21 23:57:25,152 INFO sqlalchemy.engine.Engine [generated in 0.00007s] {'tenant_id_1': '00000000-0000-0000-0000-000000000001', 'param_1': 25, 'param_2': 0}
INFO:     127.0.0.1:61729 - "GET /imports?page=0&page_size=10 HTTP/1.1" 200 OK
2026-09-21 23:57:25,153 INFO sqlalchemy.engine.Engine ROLLBACK
INFO:     127.0.0.1:61722 - "GET /terminology HTTP/1.1" 200 OK
2026-09-21 23:57:25,153 INFO sqlalchemy.engine.Engine ROLLBACK
INFO:     127.0.0.1:61724 - "GET /jobs?page=0&page_size=25 HTTP/1.1" 200 OK
2026-09-21 23:57:25,163 INFO sqlalchemy.engine.Engine ROLLBACK
INFO:     127.0.0.1:61763 - "OPTIONS /autocount/companies?page=0&page_size=25 HTTP/1.1" 200 OK
INFO:     127.0.0.1:61764 - "OPTIONS /me/preferences/autocount.companies.list HTTP/1.1" 200 OK
2026-09-21 23:57:37,686 INFO sqlalchemy.engine.Engine BEGIN (implicit)
2026-09-21 23:57:37,686 INFO sqlalchemy.engine.Engine SELECT users.id AS users_id, users.tenant_id AS users_tenant_id, users.email AS users_email, users.password AS users_password, users.name AS users_name, users.status AS users_status, users.avatar_key AS users_avatar_key, users.avatar_version AS users_avatar_version, users.timezone AS users_timezone, users.created_at AS users_created_at, users.updated_at AS users_updated_at, users.last_sign_in_at AS users_last_sign_in_at, users.email_verified_at AS users_email_verified_at, users.is_trashed AS users_is_trashed, statuses_1.id AS statuses_1_id, statuses_1.entity_type AS statuses_1_entity_type, statuses_1.key AS statuses_1_key, statuses_1.category AS statuses_1_category, statuses_1.label AS statuses_1_label, statuses_1.color AS statuses_1_color, statuses_1.sort_order AS statuses_1_sort_order, statuses_1.is_initial AS statuses_1_is_initial, statuses_1.is_terminal AS statuses_1_is_terminal, statuses_1.is_active AS statuses_1_is_active, statuses_1.blocks_access AS statuses_1_blocks_access, statuses_1.is_archived AS statuses_1_is_archived, statuses_1.is_default AS statuses_1_is_default, statuses_1.position_x AS statuses_1_position_x, statuses_1.position_y AS statuses_1_position_y, statuses_1.is_system AS statuses_1_is_system, statuses_1.tenant_id AS statuses_1_tenant_id, statuses_1.scope_id AS statuses_1_scope_id, statuses_1.created_at AS statuses_1_created_at, statuses_1.updated_at AS statuses_1_updated_at, tenants_1.id AS tenants_1_id, tenants_1.name AS tenants_1_name, tenants_1.slug AS tenants_1_slug, tenants_1.status_id AS tenants_1_status_id, tenants_1.is_platform AS tenants_1_is_platform, tenants_1.contact_name AS tenants_1_contact_name, tenants_1.contact_email AS tenants_1_contact_email, tenants_1.custom_domain AS tenants_1_custom_domain, tenants_1.notes AS tenants_1_notes, tenants_1.created_at AS tenants_1_created_at, tenants_1.updated_at AS tenants_1_updated_at 
FROM users LEFT OUTER JOIN tenants AS tenants_1 ON tenants_1.id = users.tenant_id LEFT OUTER JOIN statuses AS statuses_1 ON statuses_1.id = tenants_1.status_id 
WHERE users.tenant_id = %(tenant_id_1)s AND users.id = %(id_1)s AND users.is_trashed IS false 
 LIMIT %(param_1)s
2026-09-21 23:57:37,686 INFO sqlalchemy.engine.Engine [cached since 12.68s ago] {'tenant_id_1': '00000000-0000-0000-0000-000000000001', 'id_1': 'ba302dc8-1ad5-4753-b1f2-917a28dc464a', 'param_1': 1}
2026-09-21 23:57:37,686 INFO sqlalchemy.engine.Engine BEGIN (implicit)
2026-09-21 23:57:37,686 INFO sqlalchemy.engine.Engine SELECT users.id AS users_id, users.tenant_id AS users_tenant_id, users.email AS users_email, users.password AS users_password, users.name AS users_name, users.status AS users_status, users.avatar_key AS users_avatar_key, users.avatar_version AS users_avatar_version, users.timezone AS users_timezone, users.created_at AS users_created_at, users.updated_at AS users_updated_at, users.last_sign_in_at AS users_last_sign_in_at, users.email_verified_at AS users_email_verified_at, users.is_trashed AS users_is_trashed, statuses_1.id AS statuses_1_id, statuses_1.entity_type AS statuses_1_entity_type, statuses_1.key AS statuses_1_key, statuses_1.category AS statuses_1_category, statuses_1.label AS statuses_1_label, statuses_1.color AS statuses_1_color, statuses_1.sort_order AS statuses_1_sort_order, statuses_1.is_initial AS statuses_1_is_initial, statuses_1.is_terminal AS statuses_1_is_terminal, statuses_1.is_active AS statuses_1_is_active, statuses_1.blocks_access AS statuses_1_blocks_access, statuses_1.is_archived AS statuses_1_is_archived, statuses_1.is_default AS statuses_1_is_default, statuses_1.position_x AS statuses_1_position_x, statuses_1.position_y AS statuses_1_position_y, statuses_1.is_system AS statuses_1_is_system, statuses_1.tenant_id AS statuses_1_tenant_id, statuses_1.scope_id AS statuses_1_scope_id, statuses_1.created_at AS statuses_1_created_at, statuses_1.updated_at AS statuses_1_updated_at, tenants_1.id AS tenants_1_id, tenants_1.name AS tenants_1_name, tenants_1.slug AS tenants_1_slug, tenants_1.status_id AS tenants_1_status_id, tenants_1.is_platform AS tenants_1_is_platform, tenants_1.contact_name AS tenants_1_contact_name, tenants_1.contact_email AS tenants_1_contact_email, tenants_1.custom_domain AS tenants_1_custom_domain, tenants_1.notes AS tenants_1_notes, tenants_1.created_at AS tenants_1_created_at, tenants_1.updated_at AS tenants_1_updated_at 
FROM users LEFT OUTER JOIN tenants AS tenants_1 ON tenants_1.id = users.tenant_id LEFT OUTER JOIN statuses AS statuses_1 ON statuses_1.id = tenants_1.status_id 
WHERE users.tenant_id = %(tenant_id_1)s AND users.id = %(id_1)s AND users.is_trashed IS false 
 LIMIT %(param_1)s
2026-09-21 23:57:37,686 INFO sqlalchemy.engine.Engine [cached since 12.68s ago] {'tenant_id_1': '00000000-0000-0000-0000-000000000001', 'id_1': 'ba302dc8-1ad5-4753-b1f2-917a28dc464a', 'param_1': 1}
2026-09-21 23:57:37,689 INFO sqlalchemy.engine.Engine SELECT users_1.id AS users_1_id, roles.id AS roles_id, roles.tenant_id AS roles_tenant_id, roles.name AS roles_name, roles.description AS roles_description, roles.is_system AS roles_is_system, roles.created_at AS roles_created_at, roles.updated_at AS roles_updated_at 
FROM users AS users_1 JOIN user_roles AS user_roles_1 ON users_1.id = user_roles_1.user_id JOIN roles ON roles.id = user_roles_1.role_id 
WHERE users_1.id IN (%(primary_keys_1)s)
2026-09-21 23:57:37,689 INFO sqlalchemy.engine.Engine [cached since 13.02s ago] {'primary_keys_1': 'ba302dc8-1ad5-4753-b1f2-917a28dc464a'}
2026-09-21 23:57:37,689 INFO sqlalchemy.engine.Engine SELECT users_1.id AS users_1_id, roles.id AS roles_id, roles.tenant_id AS roles_tenant_id, roles.name AS roles_name, roles.description AS roles_description, roles.is_system AS roles_is_system, roles.created_at AS roles_created_at, roles.updated_at AS roles_updated_at 
FROM users AS users_1 JOIN user_roles AS user_roles_1 ON users_1.id = user_roles_1.user_id JOIN roles ON roles.id = user_roles_1.role_id 
WHERE users_1.id IN (%(primary_keys_1)s)
2026-09-21 23:57:37,690 INFO sqlalchemy.engine.Engine [cached since 13.02s ago] {'primary_keys_1': 'ba302dc8-1ad5-4753-b1f2-917a28dc464a'}
2026-09-21 23:57:37,691 INFO sqlalchemy.engine.Engine SELECT roles_1.id AS roles_1_id, permissions.id AS permissions_id, permissions.key AS permissions_key, permissions.module AS permissions_module, permissions.resource AS permissions_resource, permissions.resource_label AS permissions_resource_label, permissions.action AS permissions_action, permissions.action_label AS permissions_action_label, permissions.description AS permissions_description, permissions.created_at AS permissions_created_at 
FROM roles AS roles_1 JOIN role_permissions AS role_permissions_1 ON roles_1.id = role_permissions_1.role_id JOIN permissions ON permissions.id = role_permissions_1.permission_id 
WHERE roles_1.id IN (%(primary_keys_1)s)
2026-09-21 23:57:37,691 INFO sqlalchemy.engine.Engine [cached since 13.02s ago] {'primary_keys_1': '6945749e-eb32-417e-9a98-4aa43cb398ca'}
2026-09-21 23:57:37,691 INFO sqlalchemy.engine.Engine SELECT roles_1.id AS roles_1_id, permissions.id AS permissions_id, permissions.key AS permissions_key, permissions.module AS permissions_module, permissions.resource AS permissions_resource, permissions.resource_label AS permissions_resource_label, permissions.action AS permissions_action, permissions.action_label AS permissions_action_label, permissions.description AS permissions_description, permissions.created_at AS permissions_created_at 
FROM roles AS roles_1 JOIN role_permissions AS role_permissions_1 ON roles_1.id = role_permissions_1.role_id JOIN permissions ON permissions.id = role_permissions_1.permission_id 
WHERE roles_1.id IN (%(primary_keys_1)s)
2026-09-21 23:57:37,691 INFO sqlalchemy.engine.Engine [cached since 13.02s ago] {'primary_keys_1': '6945749e-eb32-417e-9a98-4aa43cb398ca'}
2026-09-21 23:57:37,694 INFO sqlalchemy.engine.Engine SELECT tenant_modules.id AS tenant_modules_id 
FROM tenant_modules JOIN modules ON tenant_modules.module_id = modules.id 
WHERE tenant_modules.tenant_id = %(tenant_id_1)s AND modules.name = %(name_1)s AND tenant_modules.status = %(status_1)s 
 LIMIT %(param_1)s
2026-09-21 23:57:37,694 INFO sqlalchemy.engine.Engine [generated in 0.00061s] {'tenant_id_1': '00000000-0000-0000-0000-000000000001', 'name_1': 'autocount', 'status_1': 'ACTIVE', 'param_1': 1}
2026-09-21 23:57:37,694 INFO sqlalchemy.engine.Engine SELECT user_view_preferences.id AS user_view_preferences_id, user_view_preferences.user_id AS user_view_preferences_user_id, user_view_preferences.tenant_id AS user_view_preferences_tenant_id, user_view_preferences.view_key AS user_view_preferences_view_key, user_view_preferences.prefs AS user_view_preferences_prefs, user_view_preferences.created_at AS user_view_preferences_created_at, user_view_preferences.updated_at AS user_view_preferences_updated_at 
FROM user_view_preferences 
WHERE user_view_preferences.tenant_id = %(tenant_id_1)s AND user_view_preferences.user_id = %(user_id_1)s AND user_view_preferences.view_key = %(view_key_1)s 
 LIMIT %(param_1)s
2026-09-21 23:57:37,695 INFO sqlalchemy.engine.Engine [generated in 0.00011s] {'tenant_id_1': '00000000-0000-0000-0000-000000000001', 'user_id_1': 'ba302dc8-1ad5-4753-b1f2-917a28dc464a', 'view_key_1': 'autocount.companies.list', 'param_1': 1}
2026-09-21 23:57:37,703 INFO sqlalchemy.engine.Engine SELECT count(*) AS count_1 
FROM (SELECT app_autocount.ac_company.id AS app_autocount_ac_company_id, app_autocount.ac_company.tenant_id AS app_autocount_ac_company_tenant_id, app_autocount.ac_company.connection_id AS app_autocount_ac_company_connection_id, app_autocount.ac_company.database_name AS app_autocount_ac_company_database_name, app_autocount.ac_company.company_name AS app_autocount_ac_company_company_name, app_autocount.ac_company.name AS app_autocount_ac_company_name, app_autocount.ac_company.is_active AS app_autocount_ac_company_is_active, app_autocount.ac_company.sink_impl AS app_autocount_ac_company_sink_impl, app_autocount.ac_company.sink_connection_id AS app_autocount_ac_company_sink_connection_id, app_autocount.ac_company.sorento_company_code AS app_autocount_ac_company_sorento_company_code, app_autocount.ac_company.created_at AS app_autocount_ac_company_created_at, app_autocount.ac_company.updated_at AS app_autocount_ac_company_updated_at 
FROM app_autocount.ac_company 
WHERE app_autocount.ac_company.tenant_id = %(tenant_id_1)s) AS anon_1
2026-09-21 23:57:37,703 INFO sqlalchemy.engine.Engine [generated in 0.00021s] {'tenant_id_1': '00000000-0000-0000-0000-000000000001'}
INFO:     127.0.0.1:61764 - "GET /me/preferences/autocount.companies.list HTTP/1.1" 200 OK
2026-09-21 23:57:37,703 INFO sqlalchemy.engine.Engine ROLLBACK
2026-09-21 23:57:37,707 INFO sqlalchemy.engine.Engine SELECT app_autocount.ac_company.id AS app_autocount_ac_company_id, app_autocount.ac_company.tenant_id AS app_autocount_ac_company_tenant_id, app_autocount.ac_company.connection_id AS app_autocount_ac_company_connection_id, app_autocount.ac_company.database_name AS app_autocount_ac_company_database_name, app_autocount.ac_company.company_name AS app_autocount_ac_company_company_name, app_autocount.ac_company.name AS app_autocount_ac_company_name, app_autocount.ac_company.is_active AS app_autocount_ac_company_is_active, app_autocount.ac_company.sink_impl AS app_autocount_ac_company_sink_impl, app_autocount.ac_company.sink_connection_id AS app_autocount_ac_company_sink_connection_id, app_autocount.ac_company.sorento_company_code AS app_autocount_ac_company_sorento_company_code, app_autocount.ac_company.created_at AS app_autocount_ac_company_created_at, app_autocount.ac_company.updated_at AS app_autocount_ac_company_updated_at 
FROM app_autocount.ac_company 
WHERE app_autocount.ac_company.tenant_id = %(tenant_id_1)s ORDER BY app_autocount.ac_company.created_at ASC, app_autocount.ac_company.id ASC 
 LIMIT %(param_1)s OFFSET %(param_2)s
2026-09-21 23:57:37,708 INFO sqlalchemy.engine.Engine [generated in 0.00010s] {'tenant_id_1': '00000000-0000-0000-0000-000000000001', 'param_1': 25, 'param_2': 0}
2026-09-21 23:57:37,709 INFO sqlalchemy.engine.Engine SELECT connections.id AS connections_id, connections.tenant_id AS connections_tenant_id, connections.provider AS connections_provider, connections.type AS connections_type, connections.name AS connections_name, connections.config_json AS connections_config_json, connections.credentials_json AS connections_credentials_json, connections.status AS connections_status, connections.is_active AS connections_is_active, connections.last_tested_at AS connections_last_tested_at, connections.last_error AS connections_last_error, connections.rate_limit_per_minute AS connections_rate_limit_per_minute, connections.created_at AS connections_created_at, connections.updated_at AS connections_updated_at 
FROM connections 
WHERE connections.tenant_id = %(tenant_id_1)s AND connections.id IN (%(id_1_1)s)
2026-09-21 23:57:37,709 INFO sqlalchemy.engine.Engine [generated in 0.00006s] {'tenant_id_1': '00000000-0000-0000-0000-000000000001', 'id_1_1': '698813e4-0479-4d5a-a9c3-0b4d33e0ce20'}
INFO:     127.0.0.1:61763 - "GET /autocount/companies?page=0&page_size=25 HTTP/1.1" 200 OK
2026-09-21 23:57:37,712 INFO sqlalchemy.engine.Engine ROLLBACK
INFO:     127.0.0.1:61763 - "OPTIONS /autocount/companies/228f0f18-1ca3-4ee8-874d-83789cf560f0 HTTP/1.1" 200 OK
2026-09-21 23:57:42,488 INFO sqlalchemy.engine.Engine BEGIN (implicit)
2026-09-21 23:57:42,489 INFO sqlalchemy.engine.Engine SELECT users.id AS users_id, users.tenant_id AS users_tenant_id, users.email AS users_email, users.password AS users_password, users.name AS users_name, users.status AS users_status, users.avatar_key AS users_avatar_key, users.avatar_version AS users_avatar_version, users.timezone AS users_timezone, users.created_at AS users_created_at, users.updated_at AS users_updated_at, users.last_sign_in_at AS users_last_sign_in_at, users.email_verified_at AS users_email_verified_at, users.is_trashed AS users_is_trashed, statuses_1.id AS statuses_1_id, statuses_1.entity_type AS statuses_1_entity_type, statuses_1.key AS statuses_1_key, statuses_1.category AS statuses_1_category, statuses_1.label AS statuses_1_label, statuses_1.color AS statuses_1_color, statuses_1.sort_order AS statuses_1_sort_order, statuses_1.is_initial AS statuses_1_is_initial, statuses_1.is_terminal AS statuses_1_is_terminal, statuses_1.is_active AS statuses_1_is_active, statuses_1.blocks_access AS statuses_1_blocks_access, statuses_1.is_archived AS statuses_1_is_archived, statuses_1.is_default AS statuses_1_is_default, statuses_1.position_x AS statuses_1_position_x, statuses_1.position_y AS statuses_1_position_y, statuses_1.is_system AS statuses_1_is_system, statuses_1.tenant_id AS statuses_1_tenant_id, statuses_1.scope_id AS statuses_1_scope_id, statuses_1.created_at AS statuses_1_created_at, statuses_1.updated_at AS statuses_1_updated_at, tenants_1.id AS tenants_1_id, tenants_1.name AS tenants_1_name, tenants_1.slug AS tenants_1_slug, tenants_1.status_id AS tenants_1_status_id, tenants_1.is_platform AS tenants_1_is_platform, tenants_1.contact_name AS tenants_1_contact_name, tenants_1.contact_email AS tenants_1_contact_email, tenants_1.custom_domain AS tenants_1_custom_domain, tenants_1.notes AS tenants_1_notes, tenants_1.created_at AS tenants_1_created_at, tenants_1.updated_at AS tenants_1_updated_at 
FROM users LEFT OUTER JOIN tenants AS tenants_1 ON tenants_1.id = users.tenant_id LEFT OUTER JOIN statuses AS statuses_1 ON statuses_1.id = tenants_1.status_id 
WHERE users.tenant_id = %(tenant_id_1)s AND users.id = %(id_1)s AND users.is_trashed IS false 
 LIMIT %(param_1)s
2026-09-21 23:57:42,489 INFO sqlalchemy.engine.Engine [cached since 17.48s ago] {'tenant_id_1': '00000000-0000-0000-0000-000000000001', 'id_1': 'ba302dc8-1ad5-4753-b1f2-917a28dc464a', 'param_1': 1}
2026-09-21 23:57:42,493 INFO sqlalchemy.engine.Engine SELECT users_1.id AS users_1_id, roles.id AS roles_id, roles.tenant_id AS roles_tenant_id, roles.name AS roles_name, roles.description AS roles_description, roles.is_system AS roles_is_system, roles.created_at AS roles_created_at, roles.updated_at AS roles_updated_at 
FROM users AS users_1 JOIN user_roles AS user_roles_1 ON users_1.id = user_roles_1.user_id JOIN roles ON roles.id = user_roles_1.role_id 
WHERE users_1.id IN (%(primary_keys_1)s)
2026-09-21 23:57:42,493 INFO sqlalchemy.engine.Engine [cached since 17.83s ago] {'primary_keys_1': 'ba302dc8-1ad5-4753-b1f2-917a28dc464a'}
2026-09-21 23:57:42,494 INFO sqlalchemy.engine.Engine SELECT roles_1.id AS roles_1_id, permissions.id AS permissions_id, permissions.key AS permissions_key, permissions.module AS permissions_module, permissions.resource AS permissions_resource, permissions.resource_label AS permissions_resource_label, permissions.action AS permissions_action, permissions.action_label AS permissions_action_label, permissions.description AS permissions_description, permissions.created_at AS permissions_created_at 
FROM roles AS roles_1 JOIN role_permissions AS role_permissions_1 ON roles_1.id = role_permissions_1.role_id JOIN permissions ON permissions.id = role_permissions_1.permission_id 
WHERE roles_1.id IN (%(primary_keys_1)s)
2026-09-21 23:57:42,494 INFO sqlalchemy.engine.Engine [cached since 17.82s ago] {'primary_keys_1': '6945749e-eb32-417e-9a98-4aa43cb398ca'}
2026-09-21 23:57:42,497 INFO sqlalchemy.engine.Engine SELECT tenant_modules.id AS tenant_modules_id 
FROM tenant_modules JOIN modules ON tenant_modules.module_id = modules.id 
WHERE tenant_modules.tenant_id = %(tenant_id_1)s AND modules.name = %(name_1)s AND tenant_modules.status = %(status_1)s 
 LIMIT %(param_1)s
2026-09-21 23:57:42,497 INFO sqlalchemy.engine.Engine [cached since 4.803s ago] {'tenant_id_1': '00000000-0000-0000-0000-000000000001', 'name_1': 'autocount', 'status_1': 'ACTIVE', 'param_1': 1}
2026-09-21 23:57:42,500 INFO sqlalchemy.engine.Engine SELECT app_autocount.ac_company.id AS app_autocount_ac_company_id, app_autocount.ac_company.tenant_id AS app_autocount_ac_company_tenant_id, app_autocount.ac_company.connection_id AS app_autocount_ac_company_connection_id, app_autocount.ac_company.database_name AS app_autocount_ac_company_database_name, app_autocount.ac_company.company_name AS app_autocount_ac_company_company_name, app_autocount.ac_company.name AS app_autocount_ac_company_name, app_autocount.ac_company.is_active AS app_autocount_ac_company_is_active, app_autocount.ac_company.sink_impl AS app_autocount_ac_company_sink_impl, app_autocount.ac_company.sink_connection_id AS app_autocount_ac_company_sink_connection_id, app_autocount.ac_company.sorento_company_code AS app_autocount_ac_company_sorento_company_code, app_autocount.ac_company.created_at AS app_autocount_ac_company_created_at, app_autocount.ac_company.updated_at AS app_autocount_ac_company_updated_at 
FROM app_autocount.ac_company 
WHERE app_autocount.ac_company.tenant_id = %(tenant_id_1)s AND app_autocount.ac_company.id = %(id_1)s 
 LIMIT %(param_1)s
2026-09-21 23:57:42,500 INFO sqlalchemy.engine.Engine [generated in 0.00020s] {'tenant_id_1': '00000000-0000-0000-0000-000000000001', 'id_1': '228f0f18-1ca3-4ee8-874d-83789cf560f0', 'param_1': 1}
2026-09-21 23:57:42,502 INFO sqlalchemy.engine.Engine SELECT app_autocount.ac_company.id AS app_autocount_ac_company_id, app_autocount.ac_company.tenant_id AS app_autocount_ac_company_tenant_id, app_autocount.ac_company.connection_id AS app_autocount_ac_company_connection_id, app_autocount.ac_company.database_name AS app_autocount_ac_company_database_name, app_autocount.ac_company.company_name AS app_autocount_ac_company_company_name, app_autocount.ac_company.name AS app_autocount_ac_company_name, app_autocount.ac_company.is_active AS app_autocount_ac_company_is_active, app_autocount.ac_company.sink_impl AS app_autocount_ac_company_sink_impl, app_autocount.ac_company.sink_connection_id AS app_autocount_ac_company_sink_connection_id, app_autocount.ac_company.sorento_company_code AS app_autocount_ac_company_sorento_company_code, app_autocount.ac_company.created_at AS app_autocount_ac_company_created_at, app_autocount.ac_company.updated_at AS app_autocount_ac_company_updated_at 
FROM app_autocount.ac_company 
WHERE app_autocount.ac_company.tenant_id = %(tenant_id_1)s AND app_autocount.ac_company.id = %(id_1)s 
 LIMIT %(param_1)s
2026-09-21 23:57:42,502 INFO sqlalchemy.engine.Engine [cached since 0.002414s ago] {'tenant_id_1': '00000000-0000-0000-0000-000000000001', 'id_1': '228f0f18-1ca3-4ee8-874d-83789cf560f0', 'param_1': 1}
2026-09-21 23:57:42,504 INFO sqlalchemy.engine.Engine SELECT app_autocount.ac_watermark.id AS app_autocount_ac_watermark_id, app_autocount.ac_watermark.tenant_id AS app_autocount_ac_watermark_tenant_id, app_autocount.ac_watermark.company_id AS app_autocount_ac_watermark_company_id, app_autocount.ac_watermark.entity_type AS app_autocount_ac_watermark_entity_type, app_autocount.ac_watermark.last_modified_at AS app_autocount_ac_watermark_last_modified_at, app_autocount.ac_watermark.cursor_json AS app_autocount_ac_watermark_cursor_json, app_autocount.ac_watermark.last_success_at AS app_autocount_ac_watermark_last_success_at, app_autocount.ac_watermark.last_attempt_at AS app_autocount_ac_watermark_last_attempt_at, app_autocount.ac_watermark.consecutive_failures AS app_autocount_ac_watermark_consecutive_failures, app_autocount.ac_watermark.last_error AS app_autocount_ac_watermark_last_error, app_autocount.ac_watermark.last_fingerprint_sweep_at AS app_autocount_ac_watermark_last_fingerprint_sweep_at, app_autocount.ac_watermark.created_at AS app_autocount_ac_watermark_created_at, app_autocount.ac_watermark.updated_at AS app_autocount_ac_watermark_updated_at 
FROM app_autocount.ac_watermark 
WHERE app_autocount.ac_watermark.tenant_id = %(tenant_id_1)s AND app_autocount.ac_watermark.company_id = %(company_id_1)s
2026-09-21 23:57:42,504 INFO sqlalchemy.engine.Engine [generated in 0.00014s] {'tenant_id_1': '00000000-0000-0000-0000-000000000001', 'company_id_1': '228f0f18-1ca3-4ee8-874d-83789cf560f0'}
2026-09-21 23:57:42,510 INFO sqlalchemy.engine.Engine SELECT app_autocount.ac_entity_config.id AS app_autocount_ac_entity_config_id, app_autocount.ac_entity_config.tenant_id AS app_autocount_ac_entity_config_tenant_id, app_autocount.ac_entity_config.company_id AS app_autocount_ac_entity_config_company_id, app_autocount.ac_entity_config.entity_type AS app_autocount_ac_entity_config_entity_type, app_autocount.ac_entity_config.sync_mode AS app_autocount_ac_entity_config_sync_mode, app_autocount.ac_entity_config.source_impl AS app_autocount_ac_entity_config_source_impl, app_autocount.ac_entity_config.envelope AS app_autocount_ac_entity_config_envelope, app_autocount.ac_entity_config.initial_load AS app_autocount_ac_entity_config_initial_load, app_autocount.ac_entity_config.record_cap AS app_autocount_ac_entity_config_record_cap, app_autocount.ac_entity_config.initial_lookback_days AS app_autocount_ac_entity_config_initial_lookback_days, app_autocount.ac_entity_config.enabled AS app_autocount_ac_entity_config_enabled, app_autocount.ac_entity_config.delivery_mode AS app_autocount_ac_entity_config_delivery_mode, app_autocount.ac_entity_config.source_config AS app_autocount_ac_entity_config_source_config, app_autocount.ac_entity_config.etl_status AS app_autocount_ac_entity_config_etl_status, app_autocount.ac_entity_config.activated_at AS app_autocount_ac_entity_config_activated_at, app_autocount.ac_entity_config.next_incremental_at AS app_autocount_ac_entity_config_next_incremental_at, app_autocount.ac_entity_config.next_reconcile_at AS app_autocount_ac_entity_config_next_reconcile_at, app_autocount.ac_entity_config.last_run_error AS app_autocount_ac_entity_config_last_run_error, app_autocount.ac_entity_config.last_run_error_code AS app_autocount_ac_entity_config_last_run_error_code, app_autocount.ac_entity_config.result_columns AS app_autocount_ac_entity_config_result_columns, app_autocount.ac_entity_config.line_result_columns AS app_autocount_ac_entity_config_line_result_columns, app_autocount.ac_entity_config.last_preview_at AS app_autocount_ac_entity_config_last_preview_at, app_autocount.ac_entity_config.last_preview_failed_count AS app_autocount_ac_entity_config_last_preview_failed_count, app_autocount.ac_entity_config.last_run_at AS app_autocount_ac_entity_config_last_run_at, app_autocount.ac_entity_config.preview_job_id AS app_autocount_ac_entity_config_preview_job_id, app_autocount.ac_entity_config.created_at AS app_autocount_ac_entity_config_created_at, app_autocount.ac_entity_config.updated_at AS app_autocount_ac_entity_config_updated_at 
FROM app_autocount.ac_entity_config 
WHERE app_autocount.ac_entity_config.tenant_id = %(tenant_id_1)s AND app_autocount.ac_entity_config.company_id = %(company_id_1)s ORDER BY app_autocount.ac_entity_config.entity_type ASC
2026-09-21 23:57:42,510 INFO sqlalchemy.engine.Engine [generated in 0.00014s] {'tenant_id_1': '00000000-0000-0000-0000-000000000001', 'company_id_1': '228f0f18-1ca3-4ee8-874d-83789cf560f0'}
2026-09-21 23:57:42,514 INFO sqlalchemy.engine.Engine SELECT connections.id AS connections_id, connections.tenant_id AS connections_tenant_id, connections.provider AS connections_provider, connections.type AS connections_type, connections.name AS connections_name, connections.config_json AS connections_config_json, connections.credentials_json AS connections_credentials_json, connections.status AS connections_status, connections.is_active AS connections_is_active, connections.last_tested_at AS connections_last_tested_at, connections.last_error AS connections_last_error, connections.rate_limit_per_minute AS connections_rate_limit_per_minute, connections.created_at AS connections_created_at, connections.updated_at AS connections_updated_at 
FROM connections 
WHERE connections.tenant_id = %(tenant_id_1)s AND connections.id IN (%(id_1_1)s)
2026-09-21 23:57:42,514 INFO sqlalchemy.engine.Engine [cached since 4.805s ago] {'tenant_id_1': '00000000-0000-0000-0000-000000000001', 'id_1_1': '698813e4-0479-4d5a-a9c3-0b4d33e0ce20'}
INFO:     127.0.0.1:61764 - "GET /autocount/companies/228f0f18-1ca3-4ee8-874d-83789cf560f0 HTTP/1.1" 200 OK
2026-09-21 23:57:42,516 INFO sqlalchemy.engine.Engine ROLLBACK
INFO:     127.0.0.1:61764 - "OPTIONS /integrations/connections?page=0&page_size=200&filter=%7B%22kind%22%3A%22group%22%2C%22combinator%22%3A%22and%22%2C%22rules%22%3A%5B%7B%22kind%22%3A%22condition%22%2C%22field%22%3A%22provider%22%2C%22operator%22%3A%22eq%22%2C%22value%22%3A%22sorento%22%7D%5D%7D HTTP/1.1" 200 OK
2026-09-21 23:57:42,526 INFO sqlalchemy.engine.Engine BEGIN (implicit)
2026-09-21 23:57:42,526 INFO sqlalchemy.engine.Engine SELECT users.id AS users_id, users.tenant_id AS users_tenant_id, users.email AS users_email, users.password AS users_password, users.name AS users_name, users.status AS users_status, users.avatar_key AS users_avatar_key, users.avatar_version AS users_avatar_version, users.timezone AS users_timezone, users.created_at AS users_created_at, users.updated_at AS users_updated_at, users.last_sign_in_at AS users_last_sign_in_at, users.email_verified_at AS users_email_verified_at, users.is_trashed AS users_is_trashed, statuses_1.id AS statuses_1_id, statuses_1.entity_type AS statuses_1_entity_type, statuses_1.key AS statuses_1_key, statuses_1.category AS statuses_1_category, statuses_1.label AS statuses_1_label, statuses_1.color AS statuses_1_color, statuses_1.sort_order AS statuses_1_sort_order, statuses_1.is_initial AS statuses_1_is_initial, statuses_1.is_terminal AS statuses_1_is_terminal, statuses_1.is_active AS statuses_1_is_active, statuses_1.blocks_access AS statuses_1_blocks_access, statuses_1.is_archived AS statuses_1_is_archived, statuses_1.is_default AS statuses_1_is_default, statuses_1.position_x AS statuses_1_position_x, statuses_1.position_y AS statuses_1_position_y, statuses_1.is_system AS statuses_1_is_system, statuses_1.tenant_id AS statuses_1_tenant_id, statuses_1.scope_id AS statuses_1_scope_id, statuses_1.created_at AS statuses_1_created_at, statuses_1.updated_at AS statuses_1_updated_at, tenants_1.id AS tenants_1_id, tenants_1.name AS tenants_1_name, tenants_1.slug AS tenants_1_slug, tenants_1.status_id AS tenants_1_status_id, tenants_1.is_platform AS tenants_1_is_platform, tenants_1.contact_name AS tenants_1_contact_name, tenants_1.contact_email AS tenants_1_contact_email, tenants_1.custom_domain AS tenants_1_custom_domain, tenants_1.notes AS tenants_1_notes, tenants_1.created_at AS tenants_1_created_at, tenants_1.updated_at AS tenants_1_updated_at 
FROM users LEFT OUTER JOIN tenants AS tenants_1 ON tenants_1.id = users.tenant_id LEFT OUTER JOIN statuses AS statuses_1 ON statuses_1.id = tenants_1.status_id 
WHERE users.tenant_id = %(tenant_id_1)s AND users.id = %(id_1)s AND users.is_trashed IS false 
 LIMIT %(param_1)s
2026-09-21 23:57:42,526 INFO sqlalchemy.engine.Engine [cached since 17.52s ago] {'tenant_id_1': '00000000-0000-0000-0000-000000000001', 'id_1': 'ba302dc8-1ad5-4753-b1f2-917a28dc464a', 'param_1': 1}
2026-09-21 23:57:42,530 INFO sqlalchemy.engine.Engine SELECT users_1.id AS users_1_id, roles.id AS roles_id, roles.tenant_id AS roles_tenant_id, roles.name AS roles_name, roles.description AS roles_description, roles.is_system AS roles_is_system, roles.created_at AS roles_created_at, roles.updated_at AS roles_updated_at 
FROM users AS users_1 JOIN user_roles AS user_roles_1 ON users_1.id = user_roles_1.user_id JOIN roles ON roles.id = user_roles_1.role_id 
WHERE users_1.id IN (%(primary_keys_1)s)
2026-09-21 23:57:42,530 INFO sqlalchemy.engine.Engine [cached since 17.86s ago] {'primary_keys_1': 'ba302dc8-1ad5-4753-b1f2-917a28dc464a'}
2026-09-21 23:57:42,531 INFO sqlalchemy.engine.Engine SELECT roles_1.id AS roles_1_id, permissions.id AS permissions_id, permissions.key AS permissions_key, permissions.module AS permissions_module, permissions.resource AS permissions_resource, permissions.resource_label AS permissions_resource_label, permissions.action AS permissions_action, permissions.action_label AS permissions_action_label, permissions.description AS permissions_description, permissions.created_at AS permissions_created_at 
FROM roles AS roles_1 JOIN role_permissions AS role_permissions_1 ON roles_1.id = role_permissions_1.role_id JOIN permissions ON permissions.id = role_permissions_1.permission_id 
WHERE roles_1.id IN (%(primary_keys_1)s)
2026-09-21 23:57:42,531 INFO sqlalchemy.engine.Engine [cached since 17.86s ago] {'primary_keys_1': '6945749e-eb32-417e-9a98-4aa43cb398ca'}
2026-09-21 23:57:42,537 INFO sqlalchemy.engine.Engine SELECT count(*) AS count_1 
FROM (SELECT connections.id AS connections_id, connections.tenant_id AS connections_tenant_id, connections.provider AS connections_provider, connections.type AS connections_type, connections.name AS connections_name, connections.config_json AS connections_config_json, connections.credentials_json AS connections_credentials_json, connections.status AS connections_status, connections.is_active AS connections_is_active, connections.last_tested_at AS connections_last_tested_at, connections.last_error AS connections_last_error, connections.rate_limit_per_minute AS connections_rate_limit_per_minute, connections.created_at AS connections_created_at, connections.updated_at AS connections_updated_at 
FROM connections 
WHERE connections.tenant_id = %(tenant_id_1)s AND connections.provider IN (%(provider_1_1)s, %(provider_1_2)s, %(provider_1_3)s, %(provider_1_4)s, %(provider_1_5)s, %(provider_1_6)s, %(provider_1_7)s, %(provider_1_8)s, %(provider_1_9)s, %(provider_1_10)s, %(provider_1_11)s, %(provider_1_12)s, %(provider_1_13)s, %(provider_1_14)s) AND connections.provider = %(provider_2)s) AS anon_1
2026-09-21 23:57:42,537 INFO sqlalchemy.engine.Engine [generated in 0.00015s] {'tenant_id_1': '00000000-0000-0000-0000-000000000001', 'provider_2': 'sorento', 'provider_1_1': 'smtp', 'provider_1_2': 's3', 'provider_1_3': 'r2', 'provider_1_4': 'stripe', 'provider_1_5': 'billplz', 'provider_1_6': 'anthropic', 'provider_1_7': 'openai', 'provider_1_8': 'gemini', 'provider_1_9': 'autocount', 'provider_1_10': 'sorento', 'provider_1_11': 'sql_database', 'provider_1_12': 'google_dwd', 'provider_1_13': 'meet_bot', 'provider_1_14': 'respondio'}
2026-09-21 23:57:42,539 INFO sqlalchemy.engine.Engine SELECT connections.id AS connections_id, connections.tenant_id AS connections_tenant_id, connections.provider AS connections_provider, connections.type AS connections_type, connections.name AS connections_name, connections.config_json AS connections_config_json, connections.credentials_json AS connections_credentials_json, connections.status AS connections_status, connections.is_active AS connections_is_active, connections.last_tested_at AS connections_last_tested_at, connections.last_error AS connections_last_error, connections.rate_limit_per_minute AS connections_rate_limit_per_minute, connections.created_at AS connections_created_at, connections.updated_at AS connections_updated_at 
FROM connections 
WHERE connections.tenant_id = %(tenant_id_1)s AND connections.provider IN (%(provider_1_1)s, %(provider_1_2)s, %(provider_1_3)s, %(provider_1_4)s, %(provider_1_5)s, %(provider_1_6)s, %(provider_1_7)s, %(provider_1_8)s, %(provider_1_9)s, %(provider_1_10)s, %(provider_1_11)s, %(provider_1_12)s, %(provider_1_13)s, %(provider_1_14)s) AND connections.provider = %(provider_2)s ORDER BY connections.created_at ASC, connections.id ASC 
 LIMIT %(param_1)s OFFSET %(param_2)s
2026-09-21 23:57:42,539 INFO sqlalchemy.engine.Engine [generated in 0.00007s] {'tenant_id_1': '00000000-0000-0000-0000-000000000001', 'provider_2': 'sorento', 'param_1': 200, 'param_2': 0, 'provider_1_1': 'smtp', 'provider_1_2': 's3', 'provider_1_3': 'r2', 'provider_1_4': 'stripe', 'provider_1_5': 'billplz', 'provider_1_6': 'anthropic', 'provider_1_7': 'openai', 'provider_1_8': 'gemini', 'provider_1_9': 'autocount', 'provider_1_10': 'sorento', 'provider_1_11': 'sql_database', 'provider_1_12': 'google_dwd', 'provider_1_13': 'meet_bot', 'provider_1_14': 'respondio'}
INFO:     127.0.0.1:61763 - "GET /integrations/connections?page=0&page_size=200&filter=%7B%22kind%22%3A%22group%22%2C%22combinator%22%3A%22and%22%2C%22rules%22%3A%5B%7B%22kind%22%3A%22condition%22%2C%22field%22%3A%22provider%22%2C%22operator%22%3A%22eq%22%2C%22value%22%3A%22sorento%22%7D%5D%7D HTTP/1.1" 200 OK
2026-09-21 23:57:42,540 INFO sqlalchemy.engine.Engine ROLLBACK
INFO:     127.0.0.1:61766 - "OPTIONS /me/preferences/autocount.entities.list HTTP/1.1" 200 OK
2026-09-21 23:57:48,679 INFO sqlalchemy.engine.Engine BEGIN (implicit)
2026-09-21 23:57:48,680 INFO sqlalchemy.engine.Engine SELECT users.id AS users_id, users.tenant_id AS users_tenant_id, users.email AS users_email, users.password AS users_password, users.name AS users_name, users.status AS users_status, users.avatar_key AS users_avatar_key, users.avatar_version AS users_avatar_version, users.timezone AS users_timezone, users.created_at AS users_created_at, users.updated_at AS users_updated_at, users.last_sign_in_at AS users_last_sign_in_at, users.email_verified_at AS users_email_verified_at, users.is_trashed AS users_is_trashed, statuses_1.id AS statuses_1_id, statuses_1.entity_type AS statuses_1_entity_type, statuses_1.key AS statuses_1_key, statuses_1.category AS statuses_1_category, statuses_1.label AS statuses_1_label, statuses_1.color AS statuses_1_color, statuses_1.sort_order AS statuses_1_sort_order, statuses_1.is_initial AS statuses_1_is_initial, statuses_1.is_terminal AS statuses_1_is_terminal, statuses_1.is_active AS statuses_1_is_active, statuses_1.blocks_access AS statuses_1_blocks_access, statuses_1.is_archived AS statuses_1_is_archived, statuses_1.is_default AS statuses_1_is_default, statuses_1.position_x AS statuses_1_position_x, statuses_1.position_y AS statuses_1_position_y, statuses_1.is_system AS statuses_1_is_system, statuses_1.tenant_id AS statuses_1_tenant_id, statuses_1.scope_id AS statuses_1_scope_id, statuses_1.created_at AS statuses_1_created_at, statuses_1.updated_at AS statuses_1_updated_at, tenants_1.id AS tenants_1_id, tenants_1.name AS tenants_1_name, tenants_1.slug AS tenants_1_slug, tenants_1.status_id AS tenants_1_status_id, tenants_1.is_platform AS tenants_1_is_platform, tenants_1.contact_name AS tenants_1_contact_name, tenants_1.contact_email AS tenants_1_contact_email, tenants_1.custom_domain AS tenants_1_custom_domain, tenants_1.notes AS tenants_1_notes, tenants_1.created_at AS tenants_1_created_at, tenants_1.updated_at AS tenants_1_updated_at 
FROM users LEFT OUTER JOIN tenants AS tenants_1 ON tenants_1.id = users.tenant_id LEFT OUTER JOIN statuses AS statuses_1 ON statuses_1.id = tenants_1.status_id 
WHERE users.tenant_id = %(tenant_id_1)s AND users.id = %(id_1)s AND users.is_trashed IS false 
 LIMIT %(param_1)s
2026-09-21 23:57:48,680 INFO sqlalchemy.engine.Engine [cached since 23.67s ago] {'tenant_id_1': '00000000-0000-0000-0000-000000000001', 'id_1': 'ba302dc8-1ad5-4753-b1f2-917a28dc464a', 'param_1': 1}
2026-09-21 23:57:48,682 INFO sqlalchemy.engine.Engine SELECT users_1.id AS users_1_id, roles.id AS roles_id, roles.tenant_id AS roles_tenant_id, roles.name AS roles_name, roles.description AS roles_description, roles.is_system AS roles_is_system, roles.created_at AS roles_created_at, roles.updated_at AS roles_updated_at 
FROM users AS users_1 JOIN user_roles AS user_roles_1 ON users_1.id = user_roles_1.user_id JOIN roles ON roles.id = user_roles_1.role_id 
WHERE users_1.id IN (%(primary_keys_1)s)
2026-09-21 23:57:48,682 INFO sqlalchemy.engine.Engine [cached since 24.02s ago] {'primary_keys_1': 'ba302dc8-1ad5-4753-b1f2-917a28dc464a'}
2026-09-21 23:57:48,683 INFO sqlalchemy.engine.Engine SELECT roles_1.id AS roles_1_id, permissions.id AS permissions_id, permissions.key AS permissions_key, permissions.module AS permissions_module, permissions.resource AS permissions_resource, permissions.resource_label AS permissions_resource_label, permissions.action AS permissions_action, permissions.action_label AS permissions_action_label, permissions.description AS permissions_description, permissions.created_at AS permissions_created_at 
FROM roles AS roles_1 JOIN role_permissions AS role_permissions_1 ON roles_1.id = role_permissions_1.role_id JOIN permissions ON permissions.id = role_permissions_1.permission_id 
WHERE roles_1.id IN (%(primary_keys_1)s)
2026-09-21 23:57:48,683 INFO sqlalchemy.engine.Engine [cached since 24.01s ago] {'primary_keys_1': '6945749e-eb32-417e-9a98-4aa43cb398ca'}
2026-09-21 23:57:48,686 INFO sqlalchemy.engine.Engine SELECT user_view_preferences.id AS user_view_preferences_id, user_view_preferences.user_id AS user_view_preferences_user_id, user_view_preferences.tenant_id AS user_view_preferences_tenant_id, user_view_preferences.view_key AS user_view_preferences_view_key, user_view_preferences.prefs AS user_view_preferences_prefs, user_view_preferences.created_at AS user_view_preferences_created_at, user_view_preferences.updated_at AS user_view_preferences_updated_at 
FROM user_view_preferences 
WHERE user_view_preferences.tenant_id = %(tenant_id_1)s AND user_view_preferences.user_id = %(user_id_1)s AND user_view_preferences.view_key = %(view_key_1)s 
 LIMIT %(param_1)s
2026-09-21 23:57:48,686 INFO sqlalchemy.engine.Engine [cached since 10.99s ago] {'tenant_id_1': '00000000-0000-0000-0000-000000000001', 'user_id_1': 'ba302dc8-1ad5-4753-b1f2-917a28dc464a', 'view_key_1': 'autocount.entities.list', 'param_1': 1}
INFO:     127.0.0.1:61768 - "GET /me/preferences/autocount.entities.list HTTP/1.1" 200 OK
2026-09-21 23:57:48,687 INFO sqlalchemy.engine.Engine ROLLBACK
2026-09-21 23:57:49,360 INFO sqlalchemy.engine.Engine BEGIN (implicit)
2026-09-21 23:57:49,360 INFO sqlalchemy.engine.Engine SELECT email_outbox.id AS email_outbox_id, email_outbox.tenant_id AS email_outbox_tenant_id, email_outbox.connection_id AS email_outbox_connection_id, email_outbox.to_email AS email_outbox_to_email, email_outbox.subject AS email_outbox_subject, email_outbox.html_body AS email_outbox_html_body, email_outbox.text_body AS email_outbox_text_body, email_outbox.template_key AS email_outbox_template_key, email_outbox.status AS email_outbox_status, email_outbox.attempts AS email_outbox_attempts, email_outbox.next_attempt_at AS email_outbox_next_attempt_at, email_outbox.last_error AS email_outbox_last_error, email_outbox.used_fallback AS email_outbox_used_fallback, email_outbox.created_at AS email_outbox_created_at, email_outbox.sent_at AS email_outbox_sent_at 
FROM email_outbox 
WHERE email_outbox.status IN (%(status_1_1)s, %(status_1_2)s) AND email_outbox.next_attempt_at <= %(next_attempt_at_1)s ORDER BY email_outbox.next_attempt_at 
 LIMIT %(param_1)s FOR UPDATE SKIP LOCKED
2026-09-21 23:57:49,360 INFO sqlalchemy.engine.Engine [cached since 120.2s ago] {'next_attempt_at_1': datetime.datetime(2026, 9, 21, 15, 57, 49, 359873, tzinfo=datetime.timezone.utc), 'param_1': 20, 'status_1_1': 'pending', 'status_1_2': 'sending'}
2026-09-21 23:57:49,362 INFO sqlalchemy.engine.Engine COMMIT
INFO:     127.0.0.1:61789 - "OPTIONS /autocount/companies/228f0f18-1ca3-4ee8-874d-83789cf560f0/entities/product/etl-task HTTP/1.1" 200 OK
INFO:     127.0.0.1:61789 - "OPTIONS /autocount/sql/connections HTTP/1.1" 200 OK
2026-09-21 23:57:54,988 INFO sqlalchemy.engine.Engine BEGIN (implicit)
2026-09-21 23:57:54,988 INFO sqlalchemy.engine.Engine SELECT users.id AS users_id, users.tenant_id AS users_tenant_id, users.email AS users_email, users.password AS users_password, users.name AS users_name, users.status AS users_status, users.avatar_key AS users_avatar_key, users.avatar_version AS users_avatar_version, users.timezone AS users_timezone, users.created_at AS users_created_at, users.updated_at AS users_updated_at, users.last_sign_in_at AS users_last_sign_in_at, users.email_verified_at AS users_email_verified_at, users.is_trashed AS users_is_trashed, statuses_1.id AS statuses_1_id, statuses_1.entity_type AS statuses_1_entity_type, statuses_1.key AS statuses_1_key, statuses_1.category AS statuses_1_category, statuses_1.label AS statuses_1_label, statuses_1.color AS statuses_1_color, statuses_1.sort_order AS statuses_1_sort_order, statuses_1.is_initial AS statuses_1_is_initial, statuses_1.is_terminal AS statuses_1_is_terminal, statuses_1.is_active AS statuses_1_is_active, statuses_1.blocks_access AS statuses_1_blocks_access, statuses_1.is_archived AS statuses_1_is_archived, statuses_1.is_default AS statuses_1_is_default, statuses_1.position_x AS statuses_1_position_x, statuses_1.position_y AS statuses_1_position_y, statuses_1.is_system AS statuses_1_is_system, statuses_1.tenant_id AS statuses_1_tenant_id, statuses_1.scope_id AS statuses_1_scope_id, statuses_1.created_at AS statuses_1_created_at, statuses_1.updated_at AS statuses_1_updated_at, tenants_1.id AS tenants_1_id, tenants_1.name AS tenants_1_name, tenants_1.slug AS tenants_1_slug, tenants_1.status_id AS tenants_1_status_id, tenants_1.is_platform AS tenants_1_is_platform, tenants_1.contact_name AS tenants_1_contact_name, tenants_1.contact_email AS tenants_1_contact_email, tenants_1.custom_domain AS tenants_1_custom_domain, tenants_1.notes AS tenants_1_notes, tenants_1.created_at AS tenants_1_created_at, tenants_1.updated_at AS tenants_1_updated_at 
FROM users LEFT OUTER JOIN tenants AS tenants_1 ON tenants_1.id = users.tenant_id LEFT OUTER JOIN statuses AS statuses_1 ON statuses_1.id = tenants_1.status_id 
WHERE users.tenant_id = %(tenant_id_1)s AND users.id = %(id_1)s AND users.is_trashed IS false 
 LIMIT %(param_1)s
2026-09-21 23:57:54,988 INFO sqlalchemy.engine.Engine [cached since 29.98s ago] {'tenant_id_1': '00000000-0000-0000-0000-000000000001', 'id_1': 'ba302dc8-1ad5-4753-b1f2-917a28dc464a', 'param_1': 1}
INFO:     127.0.0.1:61789 - "OPTIONS /autocount/companies/228f0f18-1ca3-4ee8-874d-83789cf560f0/entities/product/mapping HTTP/1.1" 200 OK
INFO:     127.0.0.1:61793 - "OPTIONS /autocount/http/connections HTTP/1.1" 200 OK
2026-09-21 23:57:54,991 INFO sqlalchemy.engine.Engine SELECT users_1.id AS users_1_id, roles.id AS roles_id, roles.tenant_id AS roles_tenant_id, roles.name AS roles_name, roles.description AS roles_description, roles.is_system AS roles_is_system, roles.created_at AS roles_created_at, roles.updated_at AS roles_updated_at 
FROM users AS users_1 JOIN user_roles AS user_roles_1 ON users_1.id = user_roles_1.user_id JOIN roles ON roles.id = user_roles_1.role_id 
WHERE users_1.id IN (%(primary_keys_1)s)
2026-09-21 23:57:54,992 INFO sqlalchemy.engine.Engine [cached since 30.33s ago] {'primary_keys_1': 'ba302dc8-1ad5-4753-b1f2-917a28dc464a'}
2026-09-21 23:57:54,992 INFO sqlalchemy.engine.Engine SELECT roles_1.id AS roles_1_id, permissions.id AS permissions_id, permissions.key AS permissions_key, permissions.module AS permissions_module, permissions.resource AS permissions_resource, permissions.resource_label AS permissions_resource_label, permissions.action AS permissions_action, permissions.action_label AS permissions_action_label, permissions.description AS permissions_description, permissions.created_at AS permissions_created_at 
FROM roles AS roles_1 JOIN role_permissions AS role_permissions_1 ON roles_1.id = role_permissions_1.role_id JOIN permissions ON permissions.id = role_permissions_1.permission_id 
WHERE roles_1.id IN (%(primary_keys_1)s)
2026-09-21 23:57:54,992 INFO sqlalchemy.engine.Engine [cached since 30.32s ago] {'primary_keys_1': '6945749e-eb32-417e-9a98-4aa43cb398ca'}
2026-09-21 23:57:55,003 INFO sqlalchemy.engine.Engine SELECT tenant_modules.id AS tenant_modules_id 
FROM tenant_modules JOIN modules ON tenant_modules.module_id = modules.id 
WHERE tenant_modules.tenant_id = %(tenant_id_1)s AND modules.name = %(name_1)s AND tenant_modules.status = %(status_1)s 
 LIMIT %(param_1)s
2026-09-21 23:57:55,003 INFO sqlalchemy.engine.Engine [cached since 17.31s ago] {'tenant_id_1': '00000000-0000-0000-0000-000000000001', 'name_1': 'autocount', 'status_1': 'ACTIVE', 'param_1': 1}
2026-09-21 23:57:55,003 INFO sqlalchemy.engine.Engine BEGIN (implicit)
2026-09-21 23:57:55,004 INFO sqlalchemy.engine.Engine SELECT users.id AS users_id, users.tenant_id AS users_tenant_id, users.email AS users_email, users.password AS users_password, users.name AS users_name, users.status AS users_status, users.avatar_key AS users_avatar_key, users.avatar_version AS users_avatar_version, users.timezone AS users_timezone, users.created_at AS users_created_at, users.updated_at AS users_updated_at, users.last_sign_in_at AS users_last_sign_in_at, users.email_verified_at AS users_email_verified_at, users.is_trashed AS users_is_trashed, statuses_1.id AS statuses_1_id, statuses_1.entity_type AS statuses_1_entity_type, statuses_1.key AS statuses_1_key, statuses_1.category AS statuses_1_category, statuses_1.label AS statuses_1_label, statuses_1.color AS statuses_1_color, statuses_1.sort_order AS statuses_1_sort_order, statuses_1.is_initial AS statuses_1_is_initial, statuses_1.is_terminal AS statuses_1_is_terminal, statuses_1.is_active AS statuses_1_is_active, statuses_1.blocks_access AS statuses_1_blocks_access, statuses_1.is_archived AS statuses_1_is_archived, statuses_1.is_default AS statuses_1_is_default, statuses_1.position_x AS statuses_1_position_x, statuses_1.position_y AS statuses_1_position_y, statuses_1.is_system AS statuses_1_is_system, statuses_1.tenant_id AS statuses_1_tenant_id, statuses_1.scope_id AS statuses_1_scope_id, statuses_1.created_at AS statuses_1_created_at, statuses_1.updated_at AS statuses_1_updated_at, tenants_1.id AS tenants_1_id, tenants_1.name AS tenants_1_name, tenants_1.slug AS tenants_1_slug, tenants_1.status_id AS tenants_1_status_id, tenants_1.is_platform AS tenants_1_is_platform, tenants_1.contact_name AS tenants_1_contact_name, tenants_1.contact_email AS tenants_1_contact_email, tenants_1.custom_domain AS tenants_1_custom_domain, tenants_1.notes AS tenants_1_notes, tenants_1.created_at AS tenants_1_created_at, tenants_1.updated_at AS tenants_1_updated_at 
FROM users LEFT OUTER JOIN tenants AS tenants_1 ON tenants_1.id = users.tenant_id LEFT OUTER JOIN statuses AS statuses_1 ON statuses_1.id = tenants_1.status_id 
WHERE users.tenant_id = %(tenant_id_1)s AND users.id = %(id_1)s AND users.is_trashed IS false 
 LIMIT %(param_1)s
2026-09-21 23:57:55,004 INFO sqlalchemy.engine.Engine [cached since 30s ago] {'tenant_id_1': '00000000-0000-0000-0000-000000000001', 'id_1': 'ba302dc8-1ad5-4753-b1f2-917a28dc464a', 'param_1': 1}
2026-09-21 23:57:55,004 INFO sqlalchemy.engine.Engine BEGIN (implicit)
2026-09-21 23:57:55,004 INFO sqlalchemy.engine.Engine SELECT users.id AS users_id, users.tenant_id AS users_tenant_id, users.email AS users_email, users.password AS users_password, users.name AS users_name, users.status AS users_status, users.avatar_key AS users_avatar_key, users.avatar_version AS users_avatar_version, users.timezone AS users_timezone, users.created_at AS users_created_at, users.updated_at AS users_updated_at, users.last_sign_in_at AS users_last_sign_in_at, users.email_verified_at AS users_email_verified_at, users.is_trashed AS users_is_trashed, statuses_1.id AS statuses_1_id, statuses_1.entity_type AS statuses_1_entity_type, statuses_1.key AS statuses_1_key, statuses_1.category AS statuses_1_category, statuses_1.label AS statuses_1_label, statuses_1.color AS statuses_1_color, statuses_1.sort_order AS statuses_1_sort_order, statuses_1.is_initial AS statuses_1_is_initial, statuses_1.is_terminal AS statuses_1_is_terminal, statuses_1.is_active AS statuses_1_is_active, statuses_1.blocks_access AS statuses_1_blocks_access, statuses_1.is_archived AS statuses_1_is_archived, statuses_1.is_default AS statuses_1_is_default, statuses_1.position_x AS statuses_1_position_x, statuses_1.position_y AS statuses_1_position_y, statuses_1.is_system AS statuses_1_is_system, statuses_1.tenant_id AS statuses_1_tenant_id, statuses_1.scope_id AS statuses_1_scope_id, statuses_1.created_at AS statuses_1_created_at, statuses_1.updated_at AS statuses_1_updated_at, tenants_1.id AS tenants_1_id, tenants_1.name AS tenants_1_name, tenants_1.slug AS tenants_1_slug, tenants_1.status_id AS tenants_1_status_id, tenants_1.is_platform AS tenants_1_is_platform, tenants_1.contact_name AS tenants_1_contact_name, tenants_1.contact_email AS tenants_1_contact_email, tenants_1.custom_domain AS tenants_1_custom_domain, tenants_1.notes AS tenants_1_notes, tenants_1.created_at AS tenants_1_created_at, tenants_1.updated_at AS tenants_1_updated_at 
FROM users LEFT OUTER JOIN tenants AS tenants_1 ON tenants_1.id = users.tenant_id LEFT OUTER JOIN statuses AS statuses_1 ON statuses_1.id = tenants_1.status_id 
WHERE users.tenant_id = %(tenant_id_1)s AND users.id = %(id_1)s AND users.is_trashed IS false 
 LIMIT %(param_1)s
2026-09-21 23:57:55,005 INFO sqlalchemy.engine.Engine [cached since 30s ago] {'tenant_id_1': '00000000-0000-0000-0000-000000000001', 'id_1': 'ba302dc8-1ad5-4753-b1f2-917a28dc464a', 'param_1': 1}
2026-09-21 23:57:55,004 INFO sqlalchemy.engine.Engine BEGIN (implicit)
2026-09-21 23:57:55,005 INFO sqlalchemy.engine.Engine SELECT users.id AS users_id, users.tenant_id AS users_tenant_id, users.email AS users_email, users.password AS users_password, users.name AS users_name, users.status AS users_status, users.avatar_key AS users_avatar_key, users.avatar_version AS users_avatar_version, users.timezone AS users_timezone, users.created_at AS users_created_at, users.updated_at AS users_updated_at, users.last_sign_in_at AS users_last_sign_in_at, users.email_verified_at AS users_email_verified_at, users.is_trashed AS users_is_trashed, statuses_1.id AS statuses_1_id, statuses_1.entity_type AS statuses_1_entity_type, statuses_1.key AS statuses_1_key, statuses_1.category AS statuses_1_category, statuses_1.label AS statuses_1_label, statuses_1.color AS statuses_1_color, statuses_1.sort_order AS statuses_1_sort_order, statuses_1.is_initial AS statuses_1_is_initial, statuses_1.is_terminal AS statuses_1_is_terminal, statuses_1.is_active AS statuses_1_is_active, statuses_1.blocks_access AS statuses_1_blocks_access, statuses_1.is_archived AS statuses_1_is_archived, statuses_1.is_default AS statuses_1_is_default, statuses_1.position_x AS statuses_1_position_x, statuses_1.position_y AS statuses_1_position_y, statuses_1.is_system AS statuses_1_is_system, statuses_1.tenant_id AS statuses_1_tenant_id, statuses_1.scope_id AS statuses_1_scope_id, statuses_1.created_at AS statuses_1_created_at, statuses_1.updated_at AS statuses_1_updated_at, tenants_1.id AS tenants_1_id, tenants_1.name AS tenants_1_name, tenants_1.slug AS tenants_1_slug, tenants_1.status_id AS tenants_1_status_id, tenants_1.is_platform AS tenants_1_is_platform, tenants_1.contact_name AS tenants_1_contact_name, tenants_1.contact_email AS tenants_1_contact_email, tenants_1.custom_domain AS tenants_1_custom_domain, tenants_1.notes AS tenants_1_notes, tenants_1.created_at AS tenants_1_created_at, tenants_1.updated_at AS tenants_1_updated_at 
FROM users LEFT OUTER JOIN tenants AS tenants_1 ON tenants_1.id = users.tenant_id LEFT OUTER JOIN statuses AS statuses_1 ON statuses_1.id = tenants_1.status_id 
WHERE users.tenant_id = %(tenant_id_1)s AND users.id = %(id_1)s AND users.is_trashed IS false 
 LIMIT %(param_1)s
2026-09-21 23:57:55,005 INFO sqlalchemy.engine.Engine [cached since 30s ago] {'tenant_id_1': '00000000-0000-0000-0000-000000000001', 'id_1': 'ba302dc8-1ad5-4753-b1f2-917a28dc464a', 'param_1': 1}
2026-09-21 23:57:55,005 INFO sqlalchemy.engine.Engine SELECT users_1.id AS users_1_id, roles.id AS roles_id, roles.tenant_id AS roles_tenant_id, roles.name AS roles_name, roles.description AS roles_description, roles.is_system AS roles_is_system, roles.created_at AS roles_created_at, roles.updated_at AS roles_updated_at 
FROM users AS users_1 JOIN user_roles AS user_roles_1 ON users_1.id = user_roles_1.user_id JOIN roles ON roles.id = user_roles_1.role_id 
WHERE users_1.id IN (%(primary_keys_1)s)
2026-09-21 23:57:55,006 INFO sqlalchemy.engine.Engine [cached since 30.34s ago] {'primary_keys_1': 'ba302dc8-1ad5-4753-b1f2-917a28dc464a'}
2026-09-21 23:57:55,005 INFO sqlalchemy.engine.Engine BEGIN (implicit)
2026-09-21 23:57:55,006 INFO sqlalchemy.engine.Engine SELECT users.id AS users_id, users.tenant_id AS users_tenant_id, users.email AS users_email, users.password AS users_password, users.name AS users_name, users.status AS users_status, users.avatar_key AS users_avatar_key, users.avatar_version AS users_avatar_version, users.timezone AS users_timezone, users.created_at AS users_created_at, users.updated_at AS users_updated_at, users.last_sign_in_at AS users_last_sign_in_at, users.email_verified_at AS users_email_verified_at, users.is_trashed AS users_is_trashed, statuses_1.id AS statuses_1_id, statuses_1.entity_type AS statuses_1_entity_type, statuses_1.key AS statuses_1_key, statuses_1.category AS statuses_1_category, statuses_1.label AS statuses_1_label, statuses_1.color AS statuses_1_color, statuses_1.sort_order AS statuses_1_sort_order, statuses_1.is_initial AS statuses_1_is_initial, statuses_1.is_terminal AS statuses_1_is_terminal, statuses_1.is_active AS statuses_1_is_active, statuses_1.blocks_access AS statuses_1_blocks_access, statuses_1.is_archived AS statuses_1_is_archived, statuses_1.is_default AS statuses_1_is_default, statuses_1.position_x AS statuses_1_position_x, statuses_1.position_y AS statuses_1_position_y, statuses_1.is_system AS statuses_1_is_system, statuses_1.tenant_id AS statuses_1_tenant_id, statuses_1.scope_id AS statuses_1_scope_id, statuses_1.created_at AS statuses_1_created_at, statuses_1.updated_at AS statuses_1_updated_at, tenants_1.id AS tenants_1_id, tenants_1.name AS tenants_1_name, tenants_1.slug AS tenants_1_slug, tenants_1.status_id AS tenants_1_status_id, tenants_1.is_platform AS tenants_1_is_platform, tenants_1.contact_name AS tenants_1_contact_name, tenants_1.contact_email AS tenants_1_contact_email, tenants_1.custom_domain AS tenants_1_custom_domain, tenants_1.notes AS tenants_1_notes, tenants_1.created_at AS tenants_1_created_at, tenants_1.updated_at AS tenants_1_updated_at 
FROM users LEFT OUTER JOIN tenants AS tenants_1 ON tenants_1.id = users.tenant_id LEFT OUTER JOIN statuses AS statuses_1 ON statuses_1.id = tenants_1.status_id 
WHERE users.tenant_id = %(tenant_id_1)s AND users.id = %(id_1)s AND users.is_trashed IS false 
 LIMIT %(param_1)s
2026-09-21 23:57:55,006 INFO sqlalchemy.engine.Engine [cached since 30s ago] {'tenant_id_1': '00000000-0000-0000-0000-000000000001', 'id_1': 'ba302dc8-1ad5-4753-b1f2-917a28dc464a', 'param_1': 1}
2026-09-21 23:57:55,006 INFO sqlalchemy.engine.Engine SELECT app_autocount.ac_company.id AS app_autocount_ac_company_id, app_autocount.ac_company.tenant_id AS app_autocount_ac_company_tenant_id, app_autocount.ac_company.connection_id AS app_autocount_ac_company_connection_id, app_autocount.ac_company.database_name AS app_autocount_ac_company_database_name, app_autocount.ac_company.company_name AS app_autocount_ac_company_company_name, app_autocount.ac_company.name AS app_autocount_ac_company_name, app_autocount.ac_company.is_active AS app_autocount_ac_company_is_active, app_autocount.ac_company.sink_impl AS app_autocount_ac_company_sink_impl, app_autocount.ac_company.sink_connection_id AS app_autocount_ac_company_sink_connection_id, app_autocount.ac_company.sorento_company_code AS app_autocount_ac_company_sorento_company_code, app_autocount.ac_company.created_at AS app_autocount_ac_company_created_at, app_autocount.ac_company.updated_at AS app_autocount_ac_company_updated_at 
FROM app_autocount.ac_company 
WHERE app_autocount.ac_company.tenant_id = %(tenant_id_1)s AND app_autocount.ac_company.id = %(id_1)s 
 LIMIT %(param_1)s
2026-09-21 23:57:55,006 INFO sqlalchemy.engine.Engine [cached since 12.51s ago] {'tenant_id_1': '00000000-0000-0000-0000-000000000001', 'id_1': '228f0f18-1ca3-4ee8-874d-83789cf560f0', 'param_1': 1}
2026-09-21 23:57:55,006 INFO sqlalchemy.engine.Engine SELECT users_1.id AS users_1_id, roles.id AS roles_id, roles.tenant_id AS roles_tenant_id, roles.name AS roles_name, roles.description AS roles_description, roles.is_system AS roles_is_system, roles.created_at AS roles_created_at, roles.updated_at AS roles_updated_at 
FROM users AS users_1 JOIN user_roles AS user_roles_1 ON users_1.id = user_roles_1.user_id JOIN roles ON roles.id = user_roles_1.role_id 
WHERE users_1.id IN (%(primary_keys_1)s)
2026-09-21 23:57:55,006 INFO sqlalchemy.engine.Engine [cached since 30.34s ago] {'primary_keys_1': 'ba302dc8-1ad5-4753-b1f2-917a28dc464a'}
2026-09-21 23:57:55,007 INFO sqlalchemy.engine.Engine SELECT roles_1.id AS roles_1_id, permissions.id AS permissions_id, permissions.key AS permissions_key, permissions.module AS permissions_module, permissions.resource AS permissions_resource, permissions.resource_label AS permissions_resource_label, permissions.action AS permissions_action, permissions.action_label AS permissions_action_label, permissions.description AS permissions_description, permissions.created_at AS permissions_created_at 
FROM roles AS roles_1 JOIN role_permissions AS role_permissions_1 ON roles_1.id = role_permissions_1.role_id JOIN permissions ON permissions.id = role_permissions_1.permission_id 
WHERE roles_1.id IN (%(primary_keys_1)s)
2026-09-21 23:57:55,007 INFO sqlalchemy.engine.Engine [cached since 30.33s ago] {'primary_keys_1': '6945749e-eb32-417e-9a98-4aa43cb398ca'}
2026-09-21 23:57:55,007 INFO sqlalchemy.engine.Engine SELECT app_autocount.ac_company.id AS app_autocount_ac_company_id, app_autocount.ac_company.tenant_id AS app_autocount_ac_company_tenant_id, app_autocount.ac_company.connection_id AS app_autocount_ac_company_connection_id, app_autocount.ac_company.database_name AS app_autocount_ac_company_database_name, app_autocount.ac_company.company_name AS app_autocount_ac_company_company_name, app_autocount.ac_company.name AS app_autocount_ac_company_name, app_autocount.ac_company.is_active AS app_autocount_ac_company_is_active, app_autocount.ac_company.sink_impl AS app_autocount_ac_company_sink_impl, app_autocount.ac_company.sink_connection_id AS app_autocount_ac_company_sink_connection_id, app_autocount.ac_company.sorento_company_code AS app_autocount_ac_company_sorento_company_code, app_autocount.ac_company.created_at AS app_autocount_ac_company_created_at, app_autocount.ac_company.updated_at AS app_autocount_ac_company_updated_at 
FROM app_autocount.ac_company 
WHERE app_autocount.ac_company.tenant_id = %(tenant_id_1)s AND app_autocount.ac_company.id = %(id_1)s 
 LIMIT %(param_1)s
2026-09-21 23:57:55,007 INFO sqlalchemy.engine.Engine [cached since 12.51s ago] {'tenant_id_1': '00000000-0000-0000-0000-000000000001', 'id_1': '228f0f18-1ca3-4ee8-874d-83789cf560f0', 'param_1': 1}
2026-09-21 23:57:55,006 INFO sqlalchemy.engine.Engine SELECT users_1.id AS users_1_id, roles.id AS roles_id, roles.tenant_id AS roles_tenant_id, roles.name AS roles_name, roles.description AS roles_description, roles.is_system AS roles_is_system, roles.created_at AS roles_created_at, roles.updated_at AS roles_updated_at 
FROM users AS users_1 JOIN user_roles AS user_roles_1 ON users_1.id = user_roles_1.user_id JOIN roles ON roles.id = user_roles_1.role_id 
WHERE users_1.id IN (%(primary_keys_1)s)
2026-09-21 23:57:55,007 INFO sqlalchemy.engine.Engine [cached since 30.34s ago] {'primary_keys_1': 'ba302dc8-1ad5-4753-b1f2-917a28dc464a'}
2026-09-21 23:57:55,007 INFO sqlalchemy.engine.Engine SELECT users_1.id AS users_1_id, roles.id AS roles_id, roles.tenant_id AS roles_tenant_id, roles.name AS roles_name, roles.description AS roles_description, roles.is_system AS roles_is_system, roles.created_at AS roles_created_at, roles.updated_at AS roles_updated_at 
FROM users AS users_1 JOIN user_roles AS user_roles_1 ON users_1.id = user_roles_1.user_id JOIN roles ON roles.id = user_roles_1.role_id 
WHERE users_1.id IN (%(primary_keys_1)s)
2026-09-21 23:57:55,007 INFO sqlalchemy.engine.Engine [cached since 30.34s ago] {'primary_keys_1': 'ba302dc8-1ad5-4753-b1f2-917a28dc464a'}
2026-09-21 23:57:55,007 INFO sqlalchemy.engine.Engine SELECT app_autocount.ac_watermark.id AS app_autocount_ac_watermark_id, app_autocount.ac_watermark.tenant_id AS app_autocount_ac_watermark_tenant_id, app_autocount.ac_watermark.company_id AS app_autocount_ac_watermark_company_id, app_autocount.ac_watermark.entity_type AS app_autocount_ac_watermark_entity_type, app_autocount.ac_watermark.last_modified_at AS app_autocount_ac_watermark_last_modified_at, app_autocount.ac_watermark.cursor_json AS app_autocount_ac_watermark_cursor_json, app_autocount.ac_watermark.last_success_at AS app_autocount_ac_watermark_last_success_at, app_autocount.ac_watermark.last_attempt_at AS app_autocount_ac_watermark_last_attempt_at, app_autocount.ac_watermark.consecutive_failures AS app_autocount_ac_watermark_consecutive_failures, app_autocount.ac_watermark.last_error AS app_autocount_ac_watermark_last_error, app_autocount.ac_watermark.last_fingerprint_sweep_at AS app_autocount_ac_watermark_last_fingerprint_sweep_at, app_autocount.ac_watermark.created_at AS app_autocount_ac_watermark_created_at, app_autocount.ac_watermark.updated_at AS app_autocount_ac_watermark_updated_at 
FROM app_autocount.ac_watermark 
WHERE app_autocount.ac_watermark.tenant_id = %(tenant_id_1)s AND app_autocount.ac_watermark.company_id = %(company_id_1)s
2026-09-21 23:57:55,009 INFO sqlalchemy.engine.Engine [cached since 12.5s ago] {'tenant_id_1': '00000000-0000-0000-0000-000000000001', 'company_id_1': '228f0f18-1ca3-4ee8-874d-83789cf560f0'}
2026-09-21 23:57:55,008 INFO sqlalchemy.engine.Engine SELECT roles_1.id AS roles_1_id, permissions.id AS permissions_id, permissions.key AS permissions_key, permissions.module AS permissions_module, permissions.resource AS permissions_resource, permissions.resource_label AS permissions_resource_label, permissions.action AS permissions_action, permissions.action_label AS permissions_action_label, permissions.description AS permissions_description, permissions.created_at AS permissions_created_at 
FROM roles AS roles_1 JOIN role_permissions AS role_permissions_1 ON roles_1.id = role_permissions_1.role_id JOIN permissions ON permissions.id = role_permissions_1.permission_id 
WHERE roles_1.id IN (%(primary_keys_1)s)
2026-09-21 23:57:55,009 INFO sqlalchemy.engine.Engine [cached since 30.34s ago] {'primary_keys_1': '6945749e-eb32-417e-9a98-4aa43cb398ca'}
2026-09-21 23:57:55,008 INFO sqlalchemy.engine.Engine SELECT roles_1.id AS roles_1_id, permissions.id AS permissions_id, permissions.key AS permissions_key, permissions.module AS permissions_module, permissions.resource AS permissions_resource, permissions.resource_label AS permissions_resource_label, permissions.action AS permissions_action, permissions.action_label AS permissions_action_label, permissions.description AS permissions_description, permissions.created_at AS permissions_created_at 
FROM roles AS roles_1 JOIN role_permissions AS role_permissions_1 ON roles_1.id = role_permissions_1.role_id JOIN permissions ON permissions.id = role_permissions_1.permission_id 
WHERE roles_1.id IN (%(primary_keys_1)s)
2026-09-21 23:57:55,008 INFO sqlalchemy.engine.Engine SELECT roles_1.id AS roles_1_id, permissions.id AS permissions_id, permissions.key AS permissions_key, permissions.module AS permissions_module, permissions.resource AS permissions_resource, permissions.resource_label AS permissions_resource_label, permissions.action AS permissions_action, permissions.action_label AS permissions_action_label, permissions.description AS permissions_description, permissions.created_at AS permissions_created_at 
FROM roles AS roles_1 JOIN role_permissions AS role_permissions_1 ON roles_1.id = role_permissions_1.role_id JOIN permissions ON permissions.id = role_permissions_1.permission_id 
WHERE roles_1.id IN (%(primary_keys_1)s)
2026-09-21 23:57:55,009 INFO sqlalchemy.engine.Engine [cached since 30.34s ago] {'primary_keys_1': '6945749e-eb32-417e-9a98-4aa43cb398ca'}
2026-09-21 23:57:55,009 INFO sqlalchemy.engine.Engine [cached since 30.34s ago] {'primary_keys_1': '6945749e-eb32-417e-9a98-4aa43cb398ca'}
2026-09-21 23:57:55,009 INFO sqlalchemy.engine.Engine SELECT tenant_modules.id AS tenant_modules_id 
FROM tenant_modules JOIN modules ON tenant_modules.module_id = modules.id 
WHERE tenant_modules.tenant_id = %(tenant_id_1)s AND modules.name = %(name_1)s AND tenant_modules.status = %(status_1)s 
 LIMIT %(param_1)s
2026-09-21 23:57:55,009 INFO sqlalchemy.engine.Engine [cached since 17.32s ago] {'tenant_id_1': '00000000-0000-0000-0000-000000000001', 'name_1': 'autocount', 'status_1': 'ACTIVE', 'param_1': 1}
2026-09-21 23:57:55,010 INFO sqlalchemy.engine.Engine SELECT app_autocount.ac_entity_config.id AS app_autocount_ac_entity_config_id, app_autocount.ac_entity_config.tenant_id AS app_autocount_ac_entity_config_tenant_id, app_autocount.ac_entity_config.company_id AS app_autocount_ac_entity_config_company_id, app_autocount.ac_entity_config.entity_type AS app_autocount_ac_entity_config_entity_type, app_autocount.ac_entity_config.sync_mode AS app_autocount_ac_entity_config_sync_mode, app_autocount.ac_entity_config.source_impl AS app_autocount_ac_entity_config_source_impl, app_autocount.ac_entity_config.envelope AS app_autocount_ac_entity_config_envelope, app_autocount.ac_entity_config.initial_load AS app_autocount_ac_entity_config_initial_load, app_autocount.ac_entity_config.record_cap AS app_autocount_ac_entity_config_record_cap, app_autocount.ac_entity_config.initial_lookback_days AS app_autocount_ac_entity_config_initial_lookback_days, app_autocount.ac_entity_config.enabled AS app_autocount_ac_entity_config_enabled, app_autocount.ac_entity_config.delivery_mode AS app_autocount_ac_entity_config_delivery_mode, app_autocount.ac_entity_config.source_config AS app_autocount_ac_entity_config_source_config, app_autocount.ac_entity_config.etl_status AS app_autocount_ac_entity_config_etl_status, app_autocount.ac_entity_config.activated_at AS app_autocount_ac_entity_config_activated_at, app_autocount.ac_entity_config.next_incremental_at AS app_autocount_ac_entity_config_next_incremental_at, app_autocount.ac_entity_config.next_reconcile_at AS app_autocount_ac_entity_config_next_reconcile_at, app_autocount.ac_entity_config.last_run_error AS app_autocount_ac_entity_config_last_run_error, app_autocount.ac_entity_config.last_run_error_code AS app_autocount_ac_entity_config_last_run_error_code, app_autocount.ac_entity_config.result_columns AS app_autocount_ac_entity_config_result_columns, app_autocount.ac_entity_config.line_result_columns AS app_autocount_ac_entity_config_line_result_columns, app_autocount.ac_entity_config.last_preview_at AS app_autocount_ac_entity_config_last_preview_at, app_autocount.ac_entity_config.last_preview_failed_count AS app_autocount_ac_entity_config_last_preview_failed_count, app_autocount.ac_entity_config.last_run_at AS app_autocount_ac_entity_config_last_run_at, app_autocount.ac_entity_config.preview_job_id AS app_autocount_ac_entity_config_preview_job_id, app_autocount.ac_entity_config.created_at AS app_autocount_ac_entity_config_created_at, app_autocount.ac_entity_config.updated_at AS app_autocount_ac_entity_config_updated_at 
FROM app_autocount.ac_entity_config 
WHERE app_autocount.ac_entity_config.tenant_id = %(tenant_id_1)s AND app_autocount.ac_entity_config.company_id = %(company_id_1)s ORDER BY app_autocount.ac_entity_config.entity_type ASC
2026-09-21 23:57:55,010 INFO sqlalchemy.engine.Engine [cached since 12.5s ago] {'tenant_id_1': '00000000-0000-0000-0000-000000000001', 'company_id_1': '228f0f18-1ca3-4ee8-874d-83789cf560f0'}
2026-09-21 23:57:55,012 INFO sqlalchemy.engine.Engine SELECT connections.id AS connections_id, connections.tenant_id AS connections_tenant_id, connections.provider AS connections_provider, connections.type AS connections_type, connections.name AS connections_name, connections.config_json AS connections_config_json, connections.credentials_json AS connections_credentials_json, connections.status AS connections_status, connections.is_active AS connections_is_active, connections.last_tested_at AS connections_last_tested_at, connections.last_error AS connections_last_error, connections.rate_limit_per_minute AS connections_rate_limit_per_minute, connections.created_at AS connections_created_at, connections.updated_at AS connections_updated_at 
FROM connections 
WHERE connections.tenant_id = %(tenant_id_1)s AND connections.id IN (%(id_1_1)s)
2026-09-21 23:57:55,012 INFO sqlalchemy.engine.Engine [cached since 17.3s ago] {'tenant_id_1': '00000000-0000-0000-0000-000000000001', 'id_1_1': '698813e4-0479-4d5a-a9c3-0b4d33e0ce20'}
2026-09-21 23:57:55,012 INFO sqlalchemy.engine.Engine SELECT tenant_modules.id AS tenant_modules_id 
FROM tenant_modules JOIN modules ON tenant_modules.module_id = modules.id 
WHERE tenant_modules.tenant_id = %(tenant_id_1)s AND modules.name = %(name_1)s AND tenant_modules.status = %(status_1)s 
 LIMIT %(param_1)s
2026-09-21 23:57:55,012 INFO sqlalchemy.engine.Engine [cached since 17.32s ago] {'tenant_id_1': '00000000-0000-0000-0000-000000000001', 'name_1': 'autocount', 'status_1': 'ACTIVE', 'param_1': 1}
2026-09-21 23:57:55,012 INFO sqlalchemy.engine.Engine SELECT tenant_modules.id AS tenant_modules_id 
FROM tenant_modules JOIN modules ON tenant_modules.module_id = modules.id 
WHERE tenant_modules.tenant_id = %(tenant_id_1)s AND modules.name = %(name_1)s AND tenant_modules.status = %(status_1)s 
 LIMIT %(param_1)s
2026-09-21 23:57:55,012 INFO sqlalchemy.engine.Engine [cached since 17.32s ago] {'tenant_id_1': '00000000-0000-0000-0000-000000000001', 'name_1': 'autocount', 'status_1': 'ACTIVE', 'param_1': 1}
2026-09-21 23:57:55,012 INFO sqlalchemy.engine.Engine SELECT tenant_modules.id AS tenant_modules_id 
FROM tenant_modules JOIN modules ON tenant_modules.module_id = modules.id 
WHERE tenant_modules.tenant_id = %(tenant_id_1)s AND modules.name = %(name_1)s AND tenant_modules.status = %(status_1)s 
 LIMIT %(param_1)s
2026-09-21 23:57:55,013 INFO sqlalchemy.engine.Engine [cached since 17.32s ago] {'tenant_id_1': '00000000-0000-0000-0000-000000000001', 'name_1': 'autocount', 'status_1': 'ACTIVE', 'param_1': 1}
2026-09-21 23:57:55,012 INFO sqlalchemy.engine.Engine SELECT app_autocount.ac_company.id AS app_autocount_ac_company_id, app_autocount.ac_company.tenant_id AS app_autocount_ac_company_tenant_id, app_autocount.ac_company.connection_id AS app_autocount_ac_company_connection_id, app_autocount.ac_company.database_name AS app_autocount_ac_company_database_name, app_autocount.ac_company.company_name AS app_autocount_ac_company_company_name, app_autocount.ac_company.name AS app_autocount_ac_company_name, app_autocount.ac_company.is_active AS app_autocount_ac_company_is_active, app_autocount.ac_company.sink_impl AS app_autocount_ac_company_sink_impl, app_autocount.ac_company.sink_connection_id AS app_autocount_ac_company_sink_connection_id, app_autocount.ac_company.sorento_company_code AS app_autocount_ac_company_sorento_company_code, app_autocount.ac_company.created_at AS app_autocount_ac_company_created_at, app_autocount.ac_company.updated_at AS app_autocount_ac_company_updated_at 
FROM app_autocount.ac_company 
WHERE app_autocount.ac_company.tenant_id = %(tenant_id_1)s AND app_autocount.ac_company.id = %(id_1)s 
 LIMIT %(param_1)s
2026-09-21 23:57:55,013 INFO sqlalchemy.engine.Engine [cached since 12.51s ago] {'tenant_id_1': '00000000-0000-0000-0000-000000000001', 'id_1': '228f0f18-1ca3-4ee8-874d-83789cf560f0', 'param_1': 1}
INFO:     127.0.0.1:61788 - "GET /autocount/companies/228f0f18-1ca3-4ee8-874d-83789cf560f0 HTTP/1.1" 200 OK
2026-09-21 23:57:55,013 INFO sqlalchemy.engine.Engine SELECT app_autocount.ac_entity_config.id AS app_autocount_ac_entity_config_id, app_autocount.ac_entity_config.tenant_id AS app_autocount_ac_entity_config_tenant_id, app_autocount.ac_entity_config.company_id AS app_autocount_ac_entity_config_company_id, app_autocount.ac_entity_config.entity_type AS app_autocount_ac_entity_config_entity_type, app_autocount.ac_entity_config.sync_mode AS app_autocount_ac_entity_config_sync_mode, app_autocount.ac_entity_config.source_impl AS app_autocount_ac_entity_config_source_impl, app_autocount.ac_entity_config.envelope AS app_autocount_ac_entity_config_envelope, app_autocount.ac_entity_config.initial_load AS app_autocount_ac_entity_config_initial_load, app_autocount.ac_entity_config.record_cap AS app_autocount_ac_entity_config_record_cap, app_autocount.ac_entity_config.initial_lookback_days AS app_autocount_ac_entity_config_initial_lookback_days, app_autocount.ac_entity_config.enabled AS app_autocount_ac_entity_config_enabled, app_autocount.ac_entity_config.delivery_mode AS app_autocount_ac_entity_config_delivery_mode, app_autocount.ac_entity_config.source_config AS app_autocount_ac_entity_config_source_config, app_autocount.ac_entity_config.etl_status AS app_autocount_ac_entity_config_etl_status, app_autocount.ac_entity_config.activated_at AS app_autocount_ac_entity_config_activated_at, app_autocount.ac_entity_config.next_incremental_at AS app_autocount_ac_entity_config_next_incremental_at, app_autocount.ac_entity_config.next_reconcile_at AS app_autocount_ac_entity_config_next_reconcile_at, app_autocount.ac_entity_config.last_run_error AS app_autocount_ac_entity_config_last_run_error, app_autocount.ac_entity_config.last_run_error_code AS app_autocount_ac_entity_config_last_run_error_code, app_autocount.ac_entity_config.result_columns AS app_autocount_ac_entity_config_result_columns, app_autocount.ac_entity_config.line_result_columns AS app_autocount_ac_entity_config_line_result_columns, app_autocount.ac_entity_config.last_preview_at AS app_autocount_ac_entity_config_last_preview_at, app_autocount.ac_entity_config.last_preview_failed_count AS app_autocount_ac_entity_config_last_preview_failed_count, app_autocount.ac_entity_config.last_run_at AS app_autocount_ac_entity_config_last_run_at, app_autocount.ac_entity_config.preview_job_id AS app_autocount_ac_entity_config_preview_job_id, app_autocount.ac_entity_config.created_at AS app_autocount_ac_entity_config_created_at, app_autocount.ac_entity_config.updated_at AS app_autocount_ac_entity_config_updated_at 
FROM app_autocount.ac_entity_config 
WHERE app_autocount.ac_entity_config.tenant_id = %(tenant_id_1)s AND app_autocount.ac_entity_config.company_id = %(company_id_1)s AND app_autocount.ac_entity_config.entity_type = %(entity_type_1)s 
 LIMIT %(param_1)s
2026-09-21 23:57:55,014 INFO sqlalchemy.engine.Engine [generated in 0.00075s] {'tenant_id_1': '00000000-0000-0000-0000-000000000001', 'company_id_1': '228f0f18-1ca3-4ee8-874d-83789cf560f0', 'entity_type_1': 'product', 'param_1': 1}
2026-09-21 23:57:55,014 INFO sqlalchemy.engine.Engine ROLLBACK
2026-09-21 23:57:55,015 INFO sqlalchemy.engine.Engine SELECT connections.id AS connections_id, connections.tenant_id AS connections_tenant_id, connections.provider AS connections_provider, connections.type AS connections_type, connections.name AS connections_name, connections.config_json AS connections_config_json, connections.credentials_json AS connections_credentials_json, connections.status AS connections_status, connections.is_active AS connections_is_active, connections.last_tested_at AS connections_last_tested_at, connections.last_error AS connections_last_error, connections.rate_limit_per_minute AS connections_rate_limit_per_minute, connections.created_at AS connections_created_at, connections.updated_at AS connections_updated_at 
FROM connections 
WHERE connections.tenant_id = %(tenant_id_1)s AND connections.provider = %(provider_1)s AND connections.is_active IS true ORDER BY connections.name ASC, connections.id ASC
2026-09-21 23:57:55,015 INFO sqlalchemy.engine.Engine [generated in 0.00033s] {'tenant_id_1': '00000000-0000-0000-0000-000000000001', 'provider_1': 'sql_database'}
2026-09-21 23:57:55,016 INFO sqlalchemy.engine.Engine SELECT app_autocount.ac_watermark.id AS app_autocount_ac_watermark_id, app_autocount.ac_watermark.tenant_id AS app_autocount_ac_watermark_tenant_id, app_autocount.ac_watermark.company_id AS app_autocount_ac_watermark_company_id, app_autocount.ac_watermark.entity_type AS app_autocount_ac_watermark_entity_type, app_autocount.ac_watermark.last_modified_at AS app_autocount_ac_watermark_last_modified_at, app_autocount.ac_watermark.cursor_json AS app_autocount_ac_watermark_cursor_json, app_autocount.ac_watermark.last_success_at AS app_autocount_ac_watermark_last_success_at, app_autocount.ac_watermark.last_attempt_at AS app_autocount_ac_watermark_last_attempt_at, app_autocount.ac_watermark.consecutive_failures AS app_autocount_ac_watermark_consecutive_failures, app_autocount.ac_watermark.last_error AS app_autocount_ac_watermark_last_error, app_autocount.ac_watermark.last_fingerprint_sweep_at AS app_autocount_ac_watermark_last_fingerprint_sweep_at, app_autocount.ac_watermark.created_at AS app_autocount_ac_watermark_created_at, app_autocount.ac_watermark.updated_at AS app_autocount_ac_watermark_updated_at 
FROM app_autocount.ac_watermark 
WHERE app_autocount.ac_watermark.tenant_id = %(tenant_id_1)s AND app_autocount.ac_watermark.company_id = %(company_id_1)s AND app_autocount.ac_watermark.entity_type = %(entity_type_1)s 
 LIMIT %(param_1)s
2026-09-21 23:57:55,016 INFO sqlalchemy.engine.Engine [generated in 0.00037s] {'tenant_id_1': '00000000-0000-0000-0000-000000000001', 'company_id_1': '228f0f18-1ca3-4ee8-874d-83789cf560f0', 'entity_type_1': 'product', 'param_1': 1}
2026-09-21 23:57:55,015 INFO sqlalchemy.engine.Engine SELECT app_autocount.ac_company.id AS app_autocount_ac_company_id, app_autocount.ac_company.tenant_id AS app_autocount_ac_company_tenant_id, app_autocount.ac_company.connection_id AS app_autocount_ac_company_connection_id, app_autocount.ac_company.database_name AS app_autocount_ac_company_database_name, app_autocount.ac_company.company_name AS app_autocount_ac_company_company_name, app_autocount.ac_company.name AS app_autocount_ac_company_name, app_autocount.ac_company.is_active AS app_autocount_ac_company_is_active, app_autocount.ac_company.sink_impl AS app_autocount_ac_company_sink_impl, app_autocount.ac_company.sink_connection_id AS app_autocount_ac_company_sink_connection_id, app_autocount.ac_company.sorento_company_code AS app_autocount_ac_company_sorento_company_code, app_autocount.ac_company.created_at AS app_autocount_ac_company_created_at, app_autocount.ac_company.updated_at AS app_autocount_ac_company_updated_at 
FROM app_autocount.ac_company 
WHERE app_autocount.ac_company.tenant_id = %(tenant_id_1)s AND app_autocount.ac_company.id = %(id_1)s 
 LIMIT %(param_1)s
2026-09-21 23:57:55,016 INFO sqlalchemy.engine.Engine [cached since 12.52s ago] {'tenant_id_1': '00000000-0000-0000-0000-000000000001', 'id_1': '228f0f18-1ca3-4ee8-874d-83789cf560f0', 'param_1': 1}
2026-09-21 23:57:55,016 INFO sqlalchemy.engine.Engine SELECT connections.id AS connections_id, connections.tenant_id AS connections_tenant_id, connections.provider AS connections_provider, connections.type AS connections_type, connections.name AS connections_name, connections.config_json AS connections_config_json, connections.credentials_json AS connections_credentials_json, connections.status AS connections_status, connections.is_active AS connections_is_active, connections.last_tested_at AS connections_last_tested_at, connections.last_error AS connections_last_error, connections.rate_limit_per_minute AS connections_rate_limit_per_minute, connections.created_at AS connections_created_at, connections.updated_at AS connections_updated_at 
FROM connections 
WHERE connections.tenant_id = %(tenant_id_1)s AND connections.provider = %(provider_1)s AND connections.is_active IS true ORDER BY connections.name ASC, connections.id ASC
2026-09-21 23:57:55,016 INFO sqlalchemy.engine.Engine [cached since 0.001441s ago] {'tenant_id_1': '00000000-0000-0000-0000-000000000001', 'provider_1': 'autocount'}
2026-09-21 23:57:55,017 INFO sqlalchemy.engine.Engine SELECT app_autocount.ac_company.id AS app_autocount_ac_company_id, app_autocount.ac_company.tenant_id AS app_autocount_ac_company_tenant_id, app_autocount.ac_company.connection_id AS app_autocount_ac_company_connection_id, app_autocount.ac_company.database_name AS app_autocount_ac_company_database_name, app_autocount.ac_company.company_name AS app_autocount_ac_company_company_name, app_autocount.ac_company.name AS app_autocount_ac_company_name, app_autocount.ac_company.is_active AS app_autocount_ac_company_is_active, app_autocount.ac_company.sink_impl AS app_autocount_ac_company_sink_impl, app_autocount.ac_company.sink_connection_id AS app_autocount_ac_company_sink_connection_id, app_autocount.ac_company.sorento_company_code AS app_autocount_ac_company_sorento_company_code, app_autocount.ac_company.created_at AS app_autocount_ac_company_created_at, app_autocount.ac_company.updated_at AS app_autocount_ac_company_updated_at 
FROM app_autocount.ac_company 
WHERE app_autocount.ac_company.tenant_id = %(tenant_id_1)s AND app_autocount.ac_company.id = %(id_1)s 
 LIMIT %(param_1)s
2026-09-21 23:57:55,017 INFO sqlalchemy.engine.Engine [cached since 12.52s ago] {'tenant_id_1': '00000000-0000-0000-0000-000000000001', 'id_1': '228f0f18-1ca3-4ee8-874d-83789cf560f0', 'param_1': 1}
INFO:     127.0.0.1:61795 - "GET /autocount/sql/connections HTTP/1.1" 200 OK
2026-09-21 23:57:55,018 INFO sqlalchemy.engine.Engine SELECT app_autocount.ac_entity_config.id AS app_autocount_ac_entity_config_id, app_autocount.ac_entity_config.tenant_id AS app_autocount_ac_entity_config_tenant_id, app_autocount.ac_entity_config.company_id AS app_autocount_ac_entity_config_company_id, app_autocount.ac_entity_config.entity_type AS app_autocount_ac_entity_config_entity_type, app_autocount.ac_entity_config.sync_mode AS app_autocount_ac_entity_config_sync_mode, app_autocount.ac_entity_config.source_impl AS app_autocount_ac_entity_config_source_impl, app_autocount.ac_entity_config.envelope AS app_autocount_ac_entity_config_envelope, app_autocount.ac_entity_config.initial_load AS app_autocount_ac_entity_config_initial_load, app_autocount.ac_entity_config.record_cap AS app_autocount_ac_entity_config_record_cap, app_autocount.ac_entity_config.initial_lookback_days AS app_autocount_ac_entity_config_initial_lookback_days, app_autocount.ac_entity_config.enabled AS app_autocount_ac_entity_config_enabled, app_autocount.ac_entity_config.delivery_mode AS app_autocount_ac_entity_config_delivery_mode, app_autocount.ac_entity_config.source_config AS app_autocount_ac_entity_config_source_config, app_autocount.ac_entity_config.etl_status AS app_autocount_ac_entity_config_etl_status, app_autocount.ac_entity_config.activated_at AS app_autocount_ac_entity_config_activated_at, app_autocount.ac_entity_config.next_incremental_at AS app_autocount_ac_entity_config_next_incremental_at, app_autocount.ac_entity_config.next_reconcile_at AS app_autocount_ac_entity_config_next_reconcile_at, app_autocount.ac_entity_config.last_run_error AS app_autocount_ac_entity_config_last_run_error, app_autocount.ac_entity_config.last_run_error_code AS app_autocount_ac_entity_config_last_run_error_code, app_autocount.ac_entity_config.result_columns AS app_autocount_ac_entity_config_result_columns, app_autocount.ac_entity_config.line_result_columns AS app_autocount_ac_entity_config_line_result_columns, app_autocount.ac_entity_config.last_preview_at AS app_autocount_ac_entity_config_last_preview_at, app_autocount.ac_entity_config.last_preview_failed_count AS app_autocount_ac_entity_config_last_preview_failed_count, app_autocount.ac_entity_config.last_run_at AS app_autocount_ac_entity_config_last_run_at, app_autocount.ac_entity_config.preview_job_id AS app_autocount_ac_entity_config_preview_job_id, app_autocount.ac_entity_config.created_at AS app_autocount_ac_entity_config_created_at, app_autocount.ac_entity_config.updated_at AS app_autocount_ac_entity_config_updated_at 
FROM app_autocount.ac_entity_config 
WHERE app_autocount.ac_entity_config.tenant_id = %(tenant_id_1)s AND app_autocount.ac_entity_config.company_id = %(company_id_1)s AND app_autocount.ac_entity_config.entity_type = %(entity_type_1)s 
 LIMIT %(param_1)s
2026-09-21 23:57:55,018 INFO sqlalchemy.engine.Engine [cached since 0.004276s ago] {'tenant_id_1': '00000000-0000-0000-0000-000000000001', 'company_id_1': '228f0f18-1ca3-4ee8-874d-83789cf560f0', 'entity_type_1': 'product', 'param_1': 1}
2026-09-21 23:57:55,018 INFO sqlalchemy.engine.Engine ROLLBACK
INFO:     127.0.0.1:61791 - "GET /autocount/companies/228f0f18-1ca3-4ee8-874d-83789cf560f0/entities/product/etl-task HTTP/1.1" 200 OK
INFO:     127.0.0.1:61793 - "GET /autocount/http/connections HTTP/1.1" 200 OK
2026-09-21 23:57:55,018 INFO sqlalchemy.engine.Engine ROLLBACK
2026-09-21 23:57:55,018 INFO sqlalchemy.engine.Engine ROLLBACK
2026-09-21 23:57:55,019 INFO sqlalchemy.engine.Engine SELECT app_autocount.ac_field_mapping.id AS app_autocount_ac_field_mapping_id, app_autocount.ac_field_mapping.tenant_id AS app_autocount_ac_field_mapping_tenant_id, app_autocount.ac_field_mapping.company_id AS app_autocount_ac_field_mapping_company_id, app_autocount.ac_field_mapping.entity_type AS app_autocount_ac_field_mapping_entity_type, app_autocount.ac_field_mapping.scope AS app_autocount_ac_field_mapping_scope, app_autocount.ac_field_mapping.source_path AS app_autocount_ac_field_mapping_source_path, app_autocount.ac_field_mapping.canonical_field AS app_autocount_ac_field_mapping_canonical_field, app_autocount.ac_field_mapping.transform AS app_autocount_ac_field_mapping_transform, app_autocount.ac_field_mapping.formula AS app_autocount_ac_field_mapping_formula, app_autocount.ac_field_mapping.is_required AS app_autocount_ac_field_mapping_is_required, app_autocount.ac_field_mapping.is_enabled AS app_autocount_ac_field_mapping_is_enabled, app_autocount.ac_field_mapping.is_source_owned AS app_autocount_ac_field_mapping_is_source_owned, app_autocount.ac_field_mapping.sort_order AS app_autocount_ac_field_mapping_sort_order, app_autocount.ac_field_mapping.created_at AS app_autocount_ac_field_mapping_created_at, app_autocount.ac_field_mapping.updated_at AS app_autocount_ac_field_mapping_updated_at 
FROM app_autocount.ac_field_mapping 
WHERE app_autocount.ac_field_mapping.tenant_id = %(tenant_id_1)s AND app_autocount.ac_field_mapping.company_id = %(company_id_1)s AND app_autocount.ac_field_mapping.entity_type = %(entity_type_1)s ORDER BY app_autocount.ac_field_mapping.scope ASC, app_autocount.ac_field_mapping.sort_order ASC, app_autocount.ac_field_mapping.canonical_field ASC
2026-09-21 23:57:55,020 INFO sqlalchemy.engine.Engine [generated in 0.00019s] {'tenant_id_1': '00000000-0000-0000-0000-000000000001', 'company_id_1': '228f0f18-1ca3-4ee8-874d-83789cf560f0', 'entity_type_1': 'product'}
2026-09-21 23:57:55,022 INFO sqlalchemy.engine.Engine SELECT app_autocount.ac_entity_config.id AS app_autocount_ac_entity_config_id, app_autocount.ac_entity_config.tenant_id AS app_autocount_ac_entity_config_tenant_id, app_autocount.ac_entity_config.company_id AS app_autocount_ac_entity_config_company_id, app_autocount.ac_entity_config.entity_type AS app_autocount_ac_entity_config_entity_type, app_autocount.ac_entity_config.sync_mode AS app_autocount_ac_entity_config_sync_mode, app_autocount.ac_entity_config.source_impl AS app_autocount_ac_entity_config_source_impl, app_autocount.ac_entity_config.envelope AS app_autocount_ac_entity_config_envelope, app_autocount.ac_entity_config.initial_load AS app_autocount_ac_entity_config_initial_load, app_autocount.ac_entity_config.record_cap AS app_autocount_ac_entity_config_record_cap, app_autocount.ac_entity_config.initial_lookback_days AS app_autocount_ac_entity_config_initial_lookback_days, app_autocount.ac_entity_config.enabled AS app_autocount_ac_entity_config_enabled, app_autocount.ac_entity_config.delivery_mode AS app_autocount_ac_entity_config_delivery_mode, app_autocount.ac_entity_config.source_config AS app_autocount_ac_entity_config_source_config, app_autocount.ac_entity_config.etl_status AS app_autocount_ac_entity_config_etl_status, app_autocount.ac_entity_config.activated_at AS app_autocount_ac_entity_config_activated_at, app_autocount.ac_entity_config.next_incremental_at AS app_autocount_ac_entity_config_next_incremental_at, app_autocount.ac_entity_config.next_reconcile_at AS app_autocount_ac_entity_config_next_reconcile_at, app_autocount.ac_entity_config.last_run_error AS app_autocount_ac_entity_config_last_run_error, app_autocount.ac_entity_config.last_run_error_code AS app_autocount_ac_entity_config_last_run_error_code, app_autocount.ac_entity_config.result_columns AS app_autocount_ac_entity_config_result_columns, app_autocount.ac_entity_config.line_result_columns AS app_autocount_ac_entity_config_line_result_columns, app_autocount.ac_entity_config.last_preview_at AS app_autocount_ac_entity_config_last_preview_at, app_autocount.ac_entity_config.last_preview_failed_count AS app_autocount_ac_entity_config_last_preview_failed_count, app_autocount.ac_entity_config.last_run_at AS app_autocount_ac_entity_config_last_run_at, app_autocount.ac_entity_config.preview_job_id AS app_autocount_ac_entity_config_preview_job_id, app_autocount.ac_entity_config.created_at AS app_autocount_ac_entity_config_created_at, app_autocount.ac_entity_config.updated_at AS app_autocount_ac_entity_config_updated_at 
FROM app_autocount.ac_entity_config 
WHERE app_autocount.ac_entity_config.tenant_id = %(tenant_id_1)s AND app_autocount.ac_entity_config.company_id = %(company_id_1)s AND app_autocount.ac_entity_config.entity_type = %(entity_type_1)s 
 LIMIT %(param_1)s
2026-09-21 23:57:55,023 INFO sqlalchemy.engine.Engine [cached since 0.009273s ago] {'tenant_id_1': '00000000-0000-0000-0000-000000000001', 'company_id_1': '228f0f18-1ca3-4ee8-874d-83789cf560f0', 'entity_type_1': 'product', 'param_1': 1}
INFO:     127.0.0.1:61789 - "GET /autocount/companies/228f0f18-1ca3-4ee8-874d-83789cf560f0/entities/product/mapping HTTP/1.1" 200 OK
2026-09-21 23:57:55,024 INFO sqlalchemy.engine.Engine ROLLBACK
INFO:     127.0.0.1:61789 - "OPTIONS /autocount/sql/connections/698813e4-0479-4d5a-a9c3-0b4d33e0ce20/schema HTTP/1.1" 200 OK
2026-09-21 23:57:55,041 INFO sqlalchemy.engine.Engine BEGIN (implicit)
2026-09-21 23:57:55,041 INFO sqlalchemy.engine.Engine SELECT users.id AS users_id, users.tenant_id AS users_tenant_id, users.email AS users_email, users.password AS users_password, users.name AS users_name, users.status AS users_status, users.avatar_key AS users_avatar_key, users.avatar_version AS users_avatar_version, users.timezone AS users_timezone, users.created_at AS users_created_at, users.updated_at AS users_updated_at, users.last_sign_in_at AS users_last_sign_in_at, users.email_verified_at AS users_email_verified_at, users.is_trashed AS users_is_trashed, statuses_1.id AS statuses_1_id, statuses_1.entity_type AS statuses_1_entity_type, statuses_1.key AS statuses_1_key, statuses_1.category AS statuses_1_category, statuses_1.label AS statuses_1_label, statuses_1.color AS statuses_1_color, statuses_1.sort_order AS statuses_1_sort_order, statuses_1.is_initial AS statuses_1_is_initial, statuses_1.is_terminal AS statuses_1_is_terminal, statuses_1.is_active AS statuses_1_is_active, statuses_1.blocks_access AS statuses_1_blocks_access, statuses_1.is_archived AS statuses_1_is_archived, statuses_1.is_default AS statuses_1_is_default, statuses_1.position_x AS statuses_1_position_x, statuses_1.position_y AS statuses_1_position_y, statuses_1.is_system AS statuses_1_is_system, statuses_1.tenant_id AS statuses_1_tenant_id, statuses_1.scope_id AS statuses_1_scope_id, statuses_1.created_at AS statuses_1_created_at, statuses_1.updated_at AS statuses_1_updated_at, tenants_1.id AS tenants_1_id, tenants_1.name AS tenants_1_name, tenants_1.slug AS tenants_1_slug, tenants_1.status_id AS tenants_1_status_id, tenants_1.is_platform AS tenants_1_is_platform, tenants_1.contact_name AS tenants_1_contact_name, tenants_1.contact_email AS tenants_1_contact_email, tenants_1.custom_domain AS tenants_1_custom_domain, tenants_1.notes AS tenants_1_notes, tenants_1.created_at AS tenants_1_created_at, tenants_1.updated_at AS tenants_1_updated_at 
FROM users LEFT OUTER JOIN tenants AS tenants_1 ON tenants_1.id = users.tenant_id LEFT OUTER JOIN statuses AS statuses_1 ON statuses_1.id = tenants_1.status_id 
WHERE users.tenant_id = %(tenant_id_1)s AND users.id = %(id_1)s AND users.is_trashed IS false 
 LIMIT %(param_1)s
2026-09-21 23:57:55,041 INFO sqlalchemy.engine.Engine [cached since 30.04s ago] {'tenant_id_1': '00000000-0000-0000-0000-000000000001', 'id_1': 'ba302dc8-1ad5-4753-b1f2-917a28dc464a', 'param_1': 1}
2026-09-21 23:57:55,042 INFO sqlalchemy.engine.Engine SELECT users_1.id AS users_1_id, roles.id AS roles_id, roles.tenant_id AS roles_tenant_id, roles.name AS roles_name, roles.description AS roles_description, roles.is_system AS roles_is_system, roles.created_at AS roles_created_at, roles.updated_at AS roles_updated_at 
FROM users AS users_1 JOIN user_roles AS user_roles_1 ON users_1.id = user_roles_1.user_id JOIN roles ON roles.id = user_roles_1.role_id 
WHERE users_1.id IN (%(primary_keys_1)s)
2026-09-21 23:57:55,042 INFO sqlalchemy.engine.Engine [cached since 30.38s ago] {'primary_keys_1': 'ba302dc8-1ad5-4753-b1f2-917a28dc464a'}
2026-09-21 23:57:55,043 INFO sqlalchemy.engine.Engine SELECT roles_1.id AS roles_1_id, permissions.id AS permissions_id, permissions.key AS permissions_key, permissions.module AS permissions_module, permissions.resource AS permissions_resource, permissions.resource_label AS permissions_resource_label, permissions.action AS permissions_action, permissions.action_label AS permissions_action_label, permissions.description AS permissions_description, permissions.created_at AS permissions_created_at 
FROM roles AS roles_1 JOIN role_permissions AS role_permissions_1 ON roles_1.id = role_permissions_1.role_id JOIN permissions ON permissions.id = role_permissions_1.permission_id 
WHERE roles_1.id IN (%(primary_keys_1)s)
2026-09-21 23:57:55,043 INFO sqlalchemy.engine.Engine [cached since 30.37s ago] {'primary_keys_1': '6945749e-eb32-417e-9a98-4aa43cb398ca'}
2026-09-21 23:57:55,044 INFO sqlalchemy.engine.Engine SELECT tenant_modules.id AS tenant_modules_id 
FROM tenant_modules JOIN modules ON tenant_modules.module_id = modules.id 
WHERE tenant_modules.tenant_id = %(tenant_id_1)s AND modules.name = %(name_1)s AND tenant_modules.status = %(status_1)s 
 LIMIT %(param_1)s
2026-09-21 23:57:55,044 INFO sqlalchemy.engine.Engine [cached since 17.35s ago] {'tenant_id_1': '00000000-0000-0000-0000-000000000001', 'name_1': 'autocount', 'status_1': 'ACTIVE', 'param_1': 1}
2026-09-21 23:57:55,045 INFO sqlalchemy.engine.Engine SELECT connections.id AS connections_id, connections.tenant_id AS connections_tenant_id, connections.provider AS connections_provider, connections.type AS connections_type, connections.name AS connections_name, connections.config_json AS connections_config_json, connections.credentials_json AS connections_credentials_json, connections.status AS connections_status, connections.is_active AS connections_is_active, connections.last_tested_at AS connections_last_tested_at, connections.last_error AS connections_last_error, connections.rate_limit_per_minute AS connections_rate_limit_per_minute, connections.created_at AS connections_created_at, connections.updated_at AS connections_updated_at 
FROM connections 
WHERE connections.tenant_id = %(tenant_id_1)s AND connections.id = %(id_1)s AND connections.provider = %(provider_1)s 
 LIMIT %(param_1)s
2026-09-21 23:57:55,045 INFO sqlalchemy.engine.Engine [generated in 0.00006s] {'tenant_id_1': '00000000-0000-0000-0000-000000000001', 'id_1': '698813e4-0479-4d5a-a9c3-0b4d33e0ce20', 'provider_1': 'sql_database', 'param_1': 1}
2026-09-21 23:57:55,046 INFO sqlalchemy.engine.Engine ROLLBACK
INFO:     127.0.0.1:61793 - "GET /autocount/sql/connections/698813e4-0479-4d5a-a9c3-0b4d33e0ce20/schema HTTP/1.1" 404 Not Found
INFO:     127.0.0.1:61797 - "OPTIONS /autocount/http/preview HTTP/1.1" 200 OK
2026-09-21 23:58:03,890 INFO sqlalchemy.engine.Engine BEGIN (implicit)
2026-09-21 23:58:03,890 INFO sqlalchemy.engine.Engine SELECT users.id AS users_id, users.tenant_id AS users_tenant_id, users.email AS users_email, users.password AS users_password, users.name AS users_name, users.status AS users_status, users.avatar_key AS users_avatar_key, users.avatar_version AS users_avatar_version, users.timezone AS users_timezone, users.created_at AS users_created_at, users.updated_at AS users_updated_at, users.last_sign_in_at AS users_last_sign_in_at, users.email_verified_at AS users_email_verified_at, users.is_trashed AS users_is_trashed, statuses_1.id AS statuses_1_id, statuses_1.entity_type AS statuses_1_entity_type, statuses_1.key AS statuses_1_key, statuses_1.category AS statuses_1_category, statuses_1.label AS statuses_1_label, statuses_1.color AS statuses_1_color, statuses_1.sort_order AS statuses_1_sort_order, statuses_1.is_initial AS statuses_1_is_initial, statuses_1.is_terminal AS statuses_1_is_terminal, statuses_1.is_active AS statuses_1_is_active, statuses_1.blocks_access AS statuses_1_blocks_access, statuses_1.is_archived AS statuses_1_is_archived, statuses_1.is_default AS statuses_1_is_default, statuses_1.position_x AS statuses_1_position_x, statuses_1.position_y AS statuses_1_position_y, statuses_1.is_system AS statuses_1_is_system, statuses_1.tenant_id AS statuses_1_tenant_id, statuses_1.scope_id AS statuses_1_scope_id, statuses_1.created_at AS statuses_1_created_at, statuses_1.updated_at AS statuses_1_updated_at, tenants_1.id AS tenants_1_id, tenants_1.name AS tenants_1_name, tenants_1.slug AS tenants_1_slug, tenants_1.status_id AS tenants_1_status_id, tenants_1.is_platform AS tenants_1_is_platform, tenants_1.contact_name AS tenants_1_contact_name, tenants_1.contact_email AS tenants_1_contact_email, tenants_1.custom_domain AS tenants_1_custom_domain, tenants_1.notes AS tenants_1_notes, tenants_1.created_at AS tenants_1_created_at, tenants_1.updated_at AS tenants_1_updated_at 
FROM users LEFT OUTER JOIN tenants AS tenants_1 ON tenants_1.id = users.tenant_id LEFT OUTER JOIN statuses AS statuses_1 ON statuses_1.id = tenants_1.status_id 
WHERE users.tenant_id = %(tenant_id_1)s AND users.id = %(id_1)s AND users.is_trashed IS false 
 LIMIT %(param_1)s
2026-09-21 23:58:03,890 INFO sqlalchemy.engine.Engine [cached since 38.88s ago] {'tenant_id_1': '00000000-0000-0000-0000-000000000001', 'id_1': 'ba302dc8-1ad5-4753-b1f2-917a28dc464a', 'param_1': 1}
2026-09-21 23:58:03,892 INFO sqlalchemy.engine.Engine SELECT users_1.id AS users_1_id, roles.id AS roles_id, roles.tenant_id AS roles_tenant_id, roles.name AS roles_name, roles.description AS roles_description, roles.is_system AS roles_is_system, roles.created_at AS roles_created_at, roles.updated_at AS roles_updated_at 
FROM users AS users_1 JOIN user_roles AS user_roles_1 ON users_1.id = user_roles_1.user_id JOIN roles ON roles.id = user_roles_1.role_id 
WHERE users_1.id IN (%(primary_keys_1)s)
2026-09-21 23:58:03,892 INFO sqlalchemy.engine.Engine [cached since 39.23s ago] {'primary_keys_1': 'ba302dc8-1ad5-4753-b1f2-917a28dc464a'}
2026-09-21 23:58:03,893 INFO sqlalchemy.engine.Engine SELECT roles_1.id AS roles_1_id, permissions.id AS permissions_id, permissions.key AS permissions_key, permissions.module AS permissions_module, permissions.resource AS permissions_resource, permissions.resource_label AS permissions_resource_label, permissions.action AS permissions_action, permissions.action_label AS permissions_action_label, permissions.description AS permissions_description, permissions.created_at AS permissions_created_at 
FROM roles AS roles_1 JOIN role_permissions AS role_permissions_1 ON roles_1.id = role_permissions_1.role_id JOIN permissions ON permissions.id = role_permissions_1.permission_id 
WHERE roles_1.id IN (%(primary_keys_1)s)
2026-09-21 23:58:03,893 INFO sqlalchemy.engine.Engine [cached since 39.22s ago] {'primary_keys_1': '6945749e-eb32-417e-9a98-4aa43cb398ca'}
2026-09-21 23:58:03,895 INFO sqlalchemy.engine.Engine SELECT tenant_modules.id AS tenant_modules_id 
FROM tenant_modules JOIN modules ON tenant_modules.module_id = modules.id 
WHERE tenant_modules.tenant_id = %(tenant_id_1)s AND modules.name = %(name_1)s AND tenant_modules.status = %(status_1)s 
 LIMIT %(param_1)s
2026-09-21 23:58:03,895 INFO sqlalchemy.engine.Engine [cached since 26.2s ago] {'tenant_id_1': '00000000-0000-0000-0000-000000000001', 'name_1': 'autocount', 'status_1': 'ACTIVE', 'param_1': 1}
2026-09-21 23:58:03,896 INFO sqlalchemy.engine.Engine SELECT app_autocount.ac_company.id AS app_autocount_ac_company_id, app_autocount.ac_company.tenant_id AS app_autocount_ac_company_tenant_id, app_autocount.ac_company.connection_id AS app_autocount_ac_company_connection_id, app_autocount.ac_company.database_name AS app_autocount_ac_company_database_name, app_autocount.ac_company.company_name AS app_autocount_ac_company_company_name, app_autocount.ac_company.name AS app_autocount_ac_company_name, app_autocount.ac_company.is_active AS app_autocount_ac_company_is_active, app_autocount.ac_company.sink_impl AS app_autocount_ac_company_sink_impl, app_autocount.ac_company.sink_connection_id AS app_autocount_ac_company_sink_connection_id, app_autocount.ac_company.sorento_company_code AS app_autocount_ac_company_sorento_company_code, app_autocount.ac_company.created_at AS app_autocount_ac_company_created_at, app_autocount.ac_company.updated_at AS app_autocount_ac_company_updated_at 
FROM app_autocount.ac_company 
WHERE app_autocount.ac_company.tenant_id = %(tenant_id_1)s AND app_autocount.ac_company.id = %(id_1)s 
 LIMIT %(param_1)s
2026-09-21 23:58:03,896 INFO sqlalchemy.engine.Engine [cached since 21.4s ago] {'tenant_id_1': '00000000-0000-0000-0000-000000000001', 'id_1': '228f0f18-1ca3-4ee8-874d-83789cf560f0', 'param_1': 1}
2026-09-21 23:58:03,898 INFO sqlalchemy.engine.Engine SELECT connections.id AS connections_id, connections.tenant_id AS connections_tenant_id, connections.provider AS connections_provider, connections.type AS connections_type, connections.name AS connections_name, connections.config_json AS connections_config_json, connections.credentials_json AS connections_credentials_json, connections.status AS connections_status, connections.is_active AS connections_is_active, connections.last_tested_at AS connections_last_tested_at, connections.last_error AS connections_last_error, connections.rate_limit_per_minute AS connections_rate_limit_per_minute, connections.created_at AS connections_created_at, connections.updated_at AS connections_updated_at 
FROM connections 
WHERE connections.tenant_id = %(tenant_id_1)s AND connections.id = %(id_1)s AND connections.provider = %(provider_1)s 
 LIMIT %(param_1)s
2026-09-21 23:58:03,898 INFO sqlalchemy.engine.Engine [cached since 8.852s ago] {'tenant_id_1': '00000000-0000-0000-0000-000000000001', 'id_1': '698813e4-0479-4d5a-a9c3-0b4d33e0ce20', 'provider_1': 'autocount', 'param_1': 1}
2026-09-21 23:58:03,898 INFO sqlalchemy.engine.Engine SELECT app_autocount.ac_entity_config.id AS app_autocount_ac_entity_config_id, app_autocount.ac_entity_config.tenant_id AS app_autocount_ac_entity_config_tenant_id, app_autocount.ac_entity_config.company_id AS app_autocount_ac_entity_config_company_id, app_autocount.ac_entity_config.entity_type AS app_autocount_ac_entity_config_entity_type, app_autocount.ac_entity_config.sync_mode AS app_autocount_ac_entity_config_sync_mode, app_autocount.ac_entity_config.source_impl AS app_autocount_ac_entity_config_source_impl, app_autocount.ac_entity_config.envelope AS app_autocount_ac_entity_config_envelope, app_autocount.ac_entity_config.initial_load AS app_autocount_ac_entity_config_initial_load, app_autocount.ac_entity_config.record_cap AS app_autocount_ac_entity_config_record_cap, app_autocount.ac_entity_config.initial_lookback_days AS app_autocount_ac_entity_config_initial_lookback_days, app_autocount.ac_entity_config.enabled AS app_autocount_ac_entity_config_enabled, app_autocount.ac_entity_config.delivery_mode AS app_autocount_ac_entity_config_delivery_mode, app_autocount.ac_entity_config.source_config AS app_autocount_ac_entity_config_source_config, app_autocount.ac_entity_config.etl_status AS app_autocount_ac_entity_config_etl_status, app_autocount.ac_entity_config.activated_at AS app_autocount_ac_entity_config_activated_at, app_autocount.ac_entity_config.next_incremental_at AS app_autocount_ac_entity_config_next_incremental_at, app_autocount.ac_entity_config.next_reconcile_at AS app_autocount_ac_entity_config_next_reconcile_at, app_autocount.ac_entity_config.last_run_error AS app_autocount_ac_entity_config_last_run_error, app_autocount.ac_entity_config.last_run_error_code AS app_autocount_ac_entity_config_last_run_error_code, app_autocount.ac_entity_config.result_columns AS app_autocount_ac_entity_config_result_columns, app_autocount.ac_entity_config.line_result_columns AS app_autocount_ac_entity_config_line_result_columns, app_autocount.ac_entity_config.last_preview_at AS app_autocount_ac_entity_config_last_preview_at, app_autocount.ac_entity_config.last_preview_failed_count AS app_autocount_ac_entity_config_last_preview_failed_count, app_autocount.ac_entity_config.last_run_at AS app_autocount_ac_entity_config_last_run_at, app_autocount.ac_entity_config.preview_job_id AS app_autocount_ac_entity_config_preview_job_id, app_autocount.ac_entity_config.created_at AS app_autocount_ac_entity_config_created_at, app_autocount.ac_entity_config.updated_at AS app_autocount_ac_entity_config_updated_at 
FROM app_autocount.ac_entity_config 
WHERE app_autocount.ac_entity_config.tenant_id = %(tenant_id_1)s AND app_autocount.ac_entity_config.company_id = %(company_id_1)s AND app_autocount.ac_entity_config.entity_type = %(entity_type_1)s 
 LIMIT %(param_1)s
2026-09-21 23:58:03,898 INFO sqlalchemy.engine.Engine [cached since 8.885s ago] {'tenant_id_1': '00000000-0000-0000-0000-000000000001', 'company_id_1': '228f0f18-1ca3-4ee8-874d-83789cf560f0', 'entity_type_1': 'product', 'param_1': 1}
2026-09-21 23:58:03,899 INFO sqlalchemy.engine.Engine UPDATE app_autocount.ac_entity_config SET preview_job_id=%(preview_job_id)s, updated_at=now() WHERE app_autocount.ac_entity_config.id = %(id_1)s AND app_autocount.ac_entity_config.preview_job_id IS NULL
2026-09-21 23:58:03,900 INFO sqlalchemy.engine.Engine [generated in 0.00005s] {'preview_job_id': '954245eb-a4f6-4dbd-9cc4-fee7214ad0e0', 'id_1': 'd14a8dff-506a-4d7b-b029-6a96d2272b41'}
2026-09-21 23:58:03,902 INFO sqlalchemy.engine.Engine INSERT INTO background_jobs (id, tenant_id, type, status, actor_user_id, payload_json, result_json, cursor_json, logs_json, progress_total, progress_done, progress_failed, error, started_at, heartbeat_at, finished_at) VALUES (%(id)s, %(tenant_id)s, %(type)s, %(status)s, %(actor_user_id)s, %(payload_json)s::JSON, %(result_json)s::JSON, %(cursor_json)s::JSON, %(logs_json)s::JSON, %(progress_total)s, %(progress_done)s, %(progress_failed)s, %(error)s, %(started_at)s, %(heartbeat_at)s, %(finished_at)s) RETURNING background_jobs.created_at
2026-09-21 23:58:03,902 INFO sqlalchemy.engine.Engine [generated in 0.00014s] {'id': '954245eb-a4f6-4dbd-9cc4-fee7214ad0e0', 'tenant_id': '00000000-0000-0000-0000-000000000001', 'type': 'autocount_source_preview', 'status': 'pending', 'actor_user_id': None, 'payload_json': '{"scope": "sample", "companyId": "228f0f18-1ca3-4ee8-874d-83789cf560f0", "entityType": "product", "request": {"connectionId": "698813e4-0479-4d5a-a9c ... (155 characters truncated) ... mCode"}, {"local": "BaseUOM", "remote": "UOM", "match": "casefold_trim"}], "fields": [{"remote": "Price", "as": "BaseUOMPrice"}]}], "combine": null}}', 'result_json': None, 'cursor_json': None, 'logs_json': None, 'progress_total': 0, 'progress_done': 0, 'progress_failed': 0, 'error': None, 'started_at': None, 'heartbeat_at': None, 'finished_at': None}
2026-09-21 23:58:03,904 INFO sqlalchemy.engine.Engine COMMIT
2026-09-21 23:58:03,906 INFO sqlalchemy.engine.Engine BEGIN (implicit)
2026-09-21 23:58:03,906 INFO sqlalchemy.engine.Engine SELECT background_jobs.id AS background_jobs_id, background_jobs.tenant_id AS background_jobs_tenant_id, background_jobs.type AS background_jobs_type, background_jobs.status AS background_jobs_status, background_jobs.actor_user_id AS background_jobs_actor_user_id, background_jobs.payload_json AS background_jobs_payload_json, background_jobs.result_json AS background_jobs_result_json, background_jobs.cursor_json AS background_jobs_cursor_json, background_jobs.logs_json AS background_jobs_logs_json, background_jobs.progress_total AS background_jobs_progress_total, background_jobs.progress_done AS background_jobs_progress_done, background_jobs.progress_failed AS background_jobs_progress_failed, background_jobs.error AS background_jobs_error, background_jobs.created_at AS background_jobs_created_at, background_jobs.started_at AS background_jobs_started_at, background_jobs.heartbeat_at AS background_jobs_heartbeat_at, background_jobs.finished_at AS background_jobs_finished_at 
FROM background_jobs 
WHERE background_jobs.id = %(pk_1)s
2026-09-21 23:58:03,906 INFO sqlalchemy.engine.Engine [generated in 0.00004s] {'pk_1': '954245eb-a4f6-4dbd-9cc4-fee7214ad0e0'}
2026-09-21 23:58:03,934 INFO sqlalchemy.engine.Engine SELECT background_jobs.id AS background_jobs_id, background_jobs.tenant_id AS background_jobs_tenant_id, background_jobs.type AS background_jobs_type, background_jobs.status AS background_jobs_status, background_jobs.actor_user_id AS background_jobs_actor_user_id, background_jobs.payload_json AS background_jobs_payload_json, background_jobs.result_json AS background_jobs_result_json, background_jobs.cursor_json AS background_jobs_cursor_json, background_jobs.logs_json AS background_jobs_logs_json, background_jobs.progress_total AS background_jobs_progress_total, background_jobs.progress_done AS background_jobs_progress_done, background_jobs.progress_failed AS background_jobs_progress_failed, background_jobs.error AS background_jobs_error, background_jobs.created_at AS background_jobs_created_at, background_jobs.started_at AS background_jobs_started_at, background_jobs.heartbeat_at AS background_jobs_heartbeat_at, background_jobs.finished_at AS background_jobs_finished_at 
FROM background_jobs 
WHERE background_jobs.id = %(id_1)s 
 LIMIT %(param_1)s
2026-09-21 23:58:03,934 INFO sqlalchemy.engine.Engine [generated in 0.00009s] {'id_1': '954245eb-a4f6-4dbd-9cc4-fee7214ad0e0', 'param_1': 1}
2026-09-21 23:58:03,983 INFO sqlalchemy.engine.Engine SELECT background_jobs.id, background_jobs.tenant_id, background_jobs.type, background_jobs.status, background_jobs.actor_user_id, background_jobs.payload_json, background_jobs.result_json, background_jobs.cursor_json, background_jobs.logs_json, background_jobs.progress_total, background_jobs.progress_done, background_jobs.progress_failed, background_jobs.error, background_jobs.created_at, background_jobs.started_at, background_jobs.heartbeat_at, background_jobs.finished_at 
FROM background_jobs 
WHERE background_jobs.id = %(pk_1)s
2026-09-21 23:58:03,983 INFO sqlalchemy.engine.Engine [generated in 0.00012s] {'pk_1': '954245eb-a4f6-4dbd-9cc4-fee7214ad0e0'}
INFO:     127.0.0.1:61797 - "POST /autocount/http/preview HTTP/1.1" 202 Accepted
2026-09-21 23:58:03,984 INFO sqlalchemy.engine.Engine ROLLBACK
INFO:     127.0.0.1:61797 - "OPTIONS /autocount/previews/954245eb-a4f6-4dbd-9cc4-fee7214ad0e0 HTTP/1.1" 200 OK
2026-09-21 23:58:03,996 INFO sqlalchemy.engine.Engine BEGIN (implicit)
2026-09-21 23:58:03,996 INFO sqlalchemy.engine.Engine SELECT users.id AS users_id, users.tenant_id AS users_tenant_id, users.email AS users_email, users.password AS users_password, users.name AS users_name, users.status AS users_status, users.avatar_key AS users_avatar_key, users.avatar_version AS users_avatar_version, users.timezone AS users_timezone, users.created_at AS users_created_at, users.updated_at AS users_updated_at, users.last_sign_in_at AS users_last_sign_in_at, users.email_verified_at AS users_email_verified_at, users.is_trashed AS users_is_trashed, statuses_1.id AS statuses_1_id, statuses_1.entity_type AS statuses_1_entity_type, statuses_1.key AS statuses_1_key, statuses_1.category AS statuses_1_category, statuses_1.label AS statuses_1_label, statuses_1.color AS statuses_1_color, statuses_1.sort_order AS statuses_1_sort_order, statuses_1.is_initial AS statuses_1_is_initial, statuses_1.is_terminal AS statuses_1_is_terminal, statuses_1.is_active AS statuses_1_is_active, statuses_1.blocks_access AS statuses_1_blocks_access, statuses_1.is_archived AS statuses_1_is_archived, statuses_1.is_default AS statuses_1_is_default, statuses_1.position_x AS statuses_1_position_x, statuses_1.position_y AS statuses_1_position_y, statuses_1.is_system AS statuses_1_is_system, statuses_1.tenant_id AS statuses_1_tenant_id, statuses_1.scope_id AS statuses_1_scope_id, statuses_1.created_at AS statuses_1_created_at, statuses_1.updated_at AS statuses_1_updated_at, tenants_1.id AS tenants_1_id, tenants_1.name AS tenants_1_name, tenants_1.slug AS tenants_1_slug, tenants_1.status_id AS tenants_1_status_id, tenants_1.is_platform AS tenants_1_is_platform, tenants_1.contact_name AS tenants_1_contact_name, tenants_1.contact_email AS tenants_1_contact_email, tenants_1.custom_domain AS tenants_1_custom_domain, tenants_1.notes AS tenants_1_notes, tenants_1.created_at AS tenants_1_created_at, tenants_1.updated_at AS tenants_1_updated_at 
FROM users LEFT OUTER JOIN tenants AS tenants_1 ON tenants_1.id = users.tenant_id LEFT OUTER JOIN statuses AS statuses_1 ON statuses_1.id = tenants_1.status_id 
WHERE users.tenant_id = %(tenant_id_1)s AND users.id = %(id_1)s AND users.is_trashed IS false 
 LIMIT %(param_1)s
2026-09-21 23:58:03,996 INFO sqlalchemy.engine.Engine [cached since 38.99s ago] {'tenant_id_1': '00000000-0000-0000-0000-000000000001', 'id_1': 'ba302dc8-1ad5-4753-b1f2-917a28dc464a', 'param_1': 1}
2026-09-21 23:58:03,997 INFO sqlalchemy.engine.Engine SELECT users_1.id AS users_1_id, roles.id AS roles_id, roles.tenant_id AS roles_tenant_id, roles.name AS roles_name, roles.description AS roles_description, roles.is_system AS roles_is_system, roles.created_at AS roles_created_at, roles.updated_at AS roles_updated_at 
FROM users AS users_1 JOIN user_roles AS user_roles_1 ON users_1.id = user_roles_1.user_id JOIN roles ON roles.id = user_roles_1.role_id 
WHERE users_1.id IN (%(primary_keys_1)s)
2026-09-21 23:58:03,997 INFO sqlalchemy.engine.Engine [cached since 39.33s ago] {'primary_keys_1': 'ba302dc8-1ad5-4753-b1f2-917a28dc464a'}
2026-09-21 23:58:03,998 INFO sqlalchemy.engine.Engine SELECT roles_1.id AS roles_1_id, permissions.id AS permissions_id, permissions.key AS permissions_key, permissions.module AS permissions_module, permissions.resource AS permissions_resource, permissions.resource_label AS permissions_resource_label, permissions.action AS permissions_action, permissions.action_label AS permissions_action_label, permissions.description AS permissions_description, permissions.created_at AS permissions_created_at 
FROM roles AS roles_1 JOIN role_permissions AS role_permissions_1 ON roles_1.id = role_permissions_1.role_id JOIN permissions ON permissions.id = role_permissions_1.permission_id 
WHERE roles_1.id IN (%(primary_keys_1)s)
2026-09-21 23:58:03,998 INFO sqlalchemy.engine.Engine [cached since 39.32s ago] {'primary_keys_1': '6945749e-eb32-417e-9a98-4aa43cb398ca'}
2026-09-21 23:58:03,999 INFO sqlalchemy.engine.Engine SELECT tenant_modules.id AS tenant_modules_id 
FROM tenant_modules JOIN modules ON tenant_modules.module_id = modules.id 
WHERE tenant_modules.tenant_id = %(tenant_id_1)s AND modules.name = %(name_1)s AND tenant_modules.status = %(status_1)s 
 LIMIT %(param_1)s
2026-09-21 23:58:03,999 INFO sqlalchemy.engine.Engine [cached since 26.31s ago] {'tenant_id_1': '00000000-0000-0000-0000-000000000001', 'name_1': 'autocount', 'status_1': 'ACTIVE', 'param_1': 1}
2026-09-21 23:58:04,000 INFO sqlalchemy.engine.Engine SELECT background_jobs.id AS background_jobs_id, background_jobs.tenant_id AS background_jobs_tenant_id, background_jobs.type AS background_jobs_type, background_jobs.status AS background_jobs_status, background_jobs.actor_user_id AS background_jobs_actor_user_id, background_jobs.payload_json AS background_jobs_payload_json, background_jobs.result_json AS background_jobs_result_json, background_jobs.cursor_json AS background_jobs_cursor_json, background_jobs.logs_json AS background_jobs_logs_json, background_jobs.progress_total AS background_jobs_progress_total, background_jobs.progress_done AS background_jobs_progress_done, background_jobs.progress_failed AS background_jobs_progress_failed, background_jobs.error AS background_jobs_error, background_jobs.created_at AS background_jobs_created_at, background_jobs.started_at AS background_jobs_started_at, background_jobs.heartbeat_at AS background_jobs_heartbeat_at, background_jobs.finished_at AS background_jobs_finished_at 
FROM background_jobs 
WHERE background_jobs.id = %(id_1)s AND background_jobs.tenant_id = %(tenant_id_1)s AND background_jobs.type = %(type_1)s 
 LIMIT %(param_1)s
2026-09-21 23:58:04,000 INFO sqlalchemy.engine.Engine [generated in 0.00006s] {'id_1': '954245eb-a4f6-4dbd-9cc4-fee7214ad0e0', 'tenant_id_1': '00000000-0000-0000-0000-000000000001', 'type_1': 'autocount_source_preview', 'param_1': 1}
INFO:     127.0.0.1:61805 - "GET /autocount/previews/954245eb-a4f6-4dbd-9cc4-fee7214ad0e0 HTTP/1.1" 200 OK
2026-09-21 23:58:04,002 INFO sqlalchemy.engine.Engine ROLLBACK
2026-09-21 23:58:04,259 INFO sqlalchemy.engine.Engine BEGIN (implicit)
2026-09-21 23:58:04,259 INFO sqlalchemy.engine.Engine SELECT users.id AS users_id, users.tenant_id AS users_tenant_id, users.email AS users_email, users.password AS users_password, users.name AS users_name, users.status AS users_status, users.avatar_key AS users_avatar_key, users.avatar_version AS users_avatar_version, users.timezone AS users_timezone, users.created_at AS users_created_at, users.updated_at AS users_updated_at, users.last_sign_in_at AS users_last_sign_in_at, users.email_verified_at AS users_email_verified_at, users.is_trashed AS users_is_trashed, statuses_1.id AS statuses_1_id, statuses_1.entity_type AS statuses_1_entity_type, statuses_1.key AS statuses_1_key, statuses_1.category AS statuses_1_category, statuses_1.label AS statuses_1_label, statuses_1.color AS statuses_1_color, statuses_1.sort_order AS statuses_1_sort_order, statuses_1.is_initial AS statuses_1_is_initial, statuses_1.is_terminal AS statuses_1_is_terminal, statuses_1.is_active AS statuses_1_is_active, statuses_1.blocks_access AS statuses_1_blocks_access, statuses_1.is_archived AS statuses_1_is_archived, statuses_1.is_default AS statuses_1_is_default, statuses_1.position_x AS statuses_1_position_x, statuses_1.position_y AS statuses_1_position_y, statuses_1.is_system AS statuses_1_is_system, statuses_1.tenant_id AS statuses_1_tenant_id, statuses_1.scope_id AS statuses_1_scope_id, statuses_1.created_at AS statuses_1_created_at, statuses_1.updated_at AS statuses_1_updated_at, tenants_1.id AS tenants_1_id, tenants_1.name AS tenants_1_name, tenants_1.slug AS tenants_1_slug, tenants_1.status_id AS tenants_1_status_id, tenants_1.is_platform AS tenants_1_is_platform, tenants_1.contact_name AS tenants_1_contact_name, tenants_1.contact_email AS tenants_1_contact_email, tenants_1.custom_domain AS tenants_1_custom_domain, tenants_1.notes AS tenants_1_notes, tenants_1.created_at AS tenants_1_created_at, tenants_1.updated_at AS tenants_1_updated_at 
FROM users LEFT OUTER JOIN tenants AS tenants_1 ON tenants_1.id = users.tenant_id LEFT OUTER JOIN statuses AS statuses_1 ON statuses_1.id = tenants_1.status_id 
WHERE users.tenant_id = %(tenant_id_1)s AND users.id = %(id_1)s AND users.is_trashed IS false 
 LIMIT %(param_1)s
2026-09-21 23:58:04,259 INFO sqlalchemy.engine.Engine [cached since 39.25s ago] {'tenant_id_1': '00000000-0000-0000-0000-000000000001', 'id_1': 'ba302dc8-1ad5-4753-b1f2-917a28dc464a', 'param_1': 1}
2026-09-21 23:58:04,260 INFO sqlalchemy.engine.Engine SELECT users_1.id AS users_1_id, roles.id AS roles_id, roles.tenant_id AS roles_tenant_id, roles.name AS roles_name, roles.description AS roles_description, roles.is_system AS roles_is_system, roles.created_at AS roles_created_at, roles.updated_at AS roles_updated_at 
FROM users AS users_1 JOIN user_roles AS user_roles_1 ON users_1.id = user_roles_1.user_id JOIN roles ON roles.id = user_roles_1.role_id 
WHERE users_1.id IN (%(primary_keys_1)s)
2026-09-21 23:58:04,260 INFO sqlalchemy.engine.Engine [cached since 39.59s ago] {'primary_keys_1': 'ba302dc8-1ad5-4753-b1f2-917a28dc464a'}
2026-09-21 23:58:04,261 INFO sqlalchemy.engine.Engine SELECT roles_1.id AS roles_1_id, permissions.id AS permissions_id, permissions.key AS permissions_key, permissions.module AS permissions_module, permissions.resource AS permissions_resource, permissions.resource_label AS permissions_resource_label, permissions.action AS permissions_action, permissions.action_label AS permissions_action_label, permissions.description AS permissions_description, permissions.created_at AS permissions_created_at 
FROM roles AS roles_1 JOIN role_permissions AS role_permissions_1 ON roles_1.id = role_permissions_1.role_id JOIN permissions ON permissions.id = role_permissions_1.permission_id 
WHERE roles_1.id IN (%(primary_keys_1)s)
2026-09-21 23:58:04,261 INFO sqlalchemy.engine.Engine [cached since 39.59s ago] {'primary_keys_1': '6945749e-eb32-417e-9a98-4aa43cb398ca'}
2026-09-21 23:58:04,295 INFO sqlalchemy.engine.Engine SELECT tenant_modules.id AS tenant_modules_id 
FROM tenant_modules JOIN modules ON tenant_modules.module_id = modules.id 
WHERE tenant_modules.tenant_id = %(tenant_id_1)s AND modules.name = %(name_1)s AND tenant_modules.status = %(status_1)s 
 LIMIT %(param_1)s
2026-09-21 23:58:04,295 INFO sqlalchemy.engine.Engine [cached since 26.6s ago] {'tenant_id_1': '00000000-0000-0000-0000-000000000001', 'name_1': 'autocount', 'status_1': 'ACTIVE', 'param_1': 1}
2026-09-21 23:58:04,296 INFO sqlalchemy.engine.Engine SELECT background_jobs.id AS background_jobs_id, background_jobs.tenant_id AS background_jobs_tenant_id, background_jobs.type AS background_jobs_type, background_jobs.status AS background_jobs_status, background_jobs.actor_user_id AS background_jobs_actor_user_id, background_jobs.payload_json AS background_jobs_payload_json, background_jobs.result_json AS background_jobs_result_json, background_jobs.cursor_json AS background_jobs_cursor_json, background_jobs.logs_json AS background_jobs_logs_json, background_jobs.progress_total AS background_jobs_progress_total, background_jobs.progress_done AS background_jobs_progress_done, background_jobs.progress_failed AS background_jobs_progress_failed, background_jobs.error AS background_jobs_error, background_jobs.created_at AS background_jobs_created_at, background_jobs.started_at AS background_jobs_started_at, background_jobs.heartbeat_at AS background_jobs_heartbeat_at, background_jobs.finished_at AS background_jobs_finished_at 
FROM background_jobs 
WHERE background_jobs.id = %(id_1)s AND background_jobs.tenant_id = %(tenant_id_1)s AND background_jobs.type = %(type_1)s 
 LIMIT %(param_1)s
2026-09-21 23:58:04,296 INFO sqlalchemy.engine.Engine [cached since 0.2959s ago] {'id_1': '954245eb-a4f6-4dbd-9cc4-fee7214ad0e0', 'tenant_id_1': '00000000-0000-0000-0000-000000000001', 'type_1': 'autocount_source_preview', 'param_1': 1}
INFO:     127.0.0.1:61805 - "GET /autocount/previews/954245eb-a4f6-4dbd-9cc4-fee7214ad0e0 HTTP/1.1" 200 OK
2026-09-21 23:58:04,298 INFO sqlalchemy.engine.Engine ROLLBACK
2026-09-21 23:58:04,554 INFO sqlalchemy.engine.Engine BEGIN (implicit)
2026-09-21 23:58:04,554 INFO sqlalchemy.engine.Engine SELECT users.id AS users_id, users.tenant_id AS users_tenant_id, users.email AS users_email, users.password AS users_password, users.name AS users_name, users.status AS users_status, users.avatar_key AS users_avatar_key, users.avatar_version AS users_avatar_version, users.timezone AS users_timezone, users.created_at AS users_created_at, users.updated_at AS users_updated_at, users.last_sign_in_at AS users_last_sign_in_at, users.email_verified_at AS users_email_verified_at, users.is_trashed AS users_is_trashed, statuses_1.id AS statuses_1_id, statuses_1.entity_type AS statuses_1_entity_type, statuses_1.key AS statuses_1_key, statuses_1.category AS statuses_1_category, statuses_1.label AS statuses_1_label, statuses_1.color AS statuses_1_color, statuses_1.sort_order AS statuses_1_sort_order, statuses_1.is_initial AS statuses_1_is_initial, statuses_1.is_terminal AS statuses_1_is_terminal, statuses_1.is_active AS statuses_1_is_active, statuses_1.blocks_access AS statuses_1_blocks_access, statuses_1.is_archived AS statuses_1_is_archived, statuses_1.is_default AS statuses_1_is_default, statuses_1.position_x AS statuses_1_position_x, statuses_1.position_y AS statuses_1_position_y, statuses_1.is_system AS statuses_1_is_system, statuses_1.tenant_id AS statuses_1_tenant_id, statuses_1.scope_id AS statuses_1_scope_id, statuses_1.created_at AS statuses_1_created_at, statuses_1.updated_at AS statuses_1_updated_at, tenants_1.id AS tenants_1_id, tenants_1.name AS tenants_1_name, tenants_1.slug AS tenants_1_slug, tenants_1.status_id AS tenants_1_status_id, tenants_1.is_platform AS tenants_1_is_platform, tenants_1.contact_name AS tenants_1_contact_name, tenants_1.contact_email AS tenants_1_contact_email, tenants_1.custom_domain AS tenants_1_custom_domain, tenants_1.notes AS tenants_1_notes, tenants_1.created_at AS tenants_1_created_at, tenants_1.updated_at AS tenants_1_updated_at 
FROM users LEFT OUTER JOIN tenants AS tenants_1 ON tenants_1.id = users.tenant_id LEFT OUTER JOIN statuses AS statuses_1 ON statuses_1.id = tenants_1.status_id 
WHERE users.tenant_id = %(tenant_id_1)s AND users.id = %(id_1)s AND users.is_trashed IS false 
 LIMIT %(param_1)s
2026-09-21 23:58:04,554 INFO sqlalchemy.engine.Engine [cached since 39.55s ago] {'tenant_id_1': '00000000-0000-0000-0000-000000000001', 'id_1': 'ba302dc8-1ad5-4753-b1f2-917a28dc464a', 'param_1': 1}
2026-09-21 23:58:04,556 INFO sqlalchemy.engine.Engine SELECT users_1.id AS users_1_id, roles.id AS roles_id, roles.tenant_id AS roles_tenant_id, roles.name AS roles_name, roles.description AS roles_description, roles.is_system AS roles_is_system, roles.created_at AS roles_created_at, roles.updated_at AS roles_updated_at 
FROM users AS users_1 JOIN user_roles AS user_roles_1 ON users_1.id = user_roles_1.user_id JOIN roles ON roles.id = user_roles_1.role_id 
WHERE users_1.id IN (%(primary_keys_1)s)
2026-09-21 23:58:04,556 INFO sqlalchemy.engine.Engine [cached since 39.89s ago] {'primary_keys_1': 'ba302dc8-1ad5-4753-b1f2-917a28dc464a'}
2026-09-21 23:58:04,557 INFO sqlalchemy.engine.Engine SELECT roles_1.id AS roles_1_id, permissions.id AS permissions_id, permissions.key AS permissions_key, permissions.module AS permissions_module, permissions.resource AS permissions_resource, permissions.resource_label AS permissions_resource_label, permissions.action AS permissions_action, permissions.action_label AS permissions_action_label, permissions.description AS permissions_description, permissions.created_at AS permissions_created_at 
FROM roles AS roles_1 JOIN role_permissions AS role_permissions_1 ON roles_1.id = role_permissions_1.role_id JOIN permissions ON permissions.id = role_permissions_1.permission_id 
WHERE roles_1.id IN (%(primary_keys_1)s)
2026-09-21 23:58:04,557 INFO sqlalchemy.engine.Engine [cached since 39.88s ago] {'primary_keys_1': '6945749e-eb32-417e-9a98-4aa43cb398ca'}
2026-09-21 23:58:04,559 INFO sqlalchemy.engine.Engine SELECT tenant_modules.id AS tenant_modules_id 
FROM tenant_modules JOIN modules ON tenant_modules.module_id = modules.id 
WHERE tenant_modules.tenant_id = %(tenant_id_1)s AND modules.name = %(name_1)s AND tenant_modules.status = %(status_1)s 
 LIMIT %(param_1)s
2026-09-21 23:58:04,559 INFO sqlalchemy.engine.Engine [cached since 26.86s ago] {'tenant_id_1': '00000000-0000-0000-0000-000000000001', 'name_1': 'autocount', 'status_1': 'ACTIVE', 'param_1': 1}
2026-09-21 23:58:04,560 INFO sqlalchemy.engine.Engine SELECT background_jobs.id AS background_jobs_id, background_jobs.tenant_id AS background_jobs_tenant_id, background_jobs.type AS background_jobs_type, background_jobs.status AS background_jobs_status, background_jobs.actor_user_id AS background_jobs_actor_user_id, background_jobs.payload_json AS background_jobs_payload_json, background_jobs.result_json AS background_jobs_result_json, background_jobs.cursor_json AS background_jobs_cursor_json, background_jobs.logs_json AS background_jobs_logs_json, background_jobs.progress_total AS background_jobs_progress_total, background_jobs.progress_done AS background_jobs_progress_done, background_jobs.progress_failed AS background_jobs_progress_failed, background_jobs.error AS background_jobs_error, background_jobs.created_at AS background_jobs_created_at, background_jobs.started_at AS background_jobs_started_at, background_jobs.heartbeat_at AS background_jobs_heartbeat_at, background_jobs.finished_at AS background_jobs_finished_at 
FROM background_jobs 
WHERE background_jobs.id = %(id_1)s AND background_jobs.tenant_id = %(tenant_id_1)s AND background_jobs.type = %(type_1)s 
 LIMIT %(param_1)s
2026-09-21 23:58:04,560 INFO sqlalchemy.engine.Engine [cached since 0.5594s ago] {'id_1': '954245eb-a4f6-4dbd-9cc4-fee7214ad0e0', 'tenant_id_1': '00000000-0000-0000-0000-000000000001', 'type_1': 'autocount_source_preview', 'param_1': 1}
INFO:     127.0.0.1:61805 - "GET /autocount/previews/954245eb-a4f6-4dbd-9cc4-fee7214ad0e0 HTTP/1.1" 200 OK
2026-09-21 23:58:04,561 INFO sqlalchemy.engine.Engine ROLLBACK
2026-09-21 23:58:04,819 INFO sqlalchemy.engine.Engine BEGIN (implicit)
2026-09-21 23:58:04,819 INFO sqlalchemy.engine.Engine SELECT users.id AS users_id, users.tenant_id AS users_tenant_id, users.email AS users_email, users.password AS users_password, users.name AS users_name, users.status AS users_status, users.avatar_key AS users_avatar_key, users.avatar_version AS users_avatar_version, users.timezone AS users_timezone, users.created_at AS users_created_at, users.updated_at AS users_updated_at, users.last_sign_in_at AS users_last_sign_in_at, users.email_verified_at AS users_email_verified_at, users.is_trashed AS users_is_trashed, statuses_1.id AS statuses_1_id, statuses_1.entity_type AS statuses_1_entity_type, statuses_1.key AS statuses_1_key, statuses_1.category AS statuses_1_category, statuses_1.label AS statuses_1_label, statuses_1.color AS statuses_1_color, statuses_1.sort_order AS statuses_1_sort_order, statuses_1.is_initial AS statuses_1_is_initial, statuses_1.is_terminal AS statuses_1_is_terminal, statuses_1.is_active AS statuses_1_is_active, statuses_1.blocks_access AS statuses_1_blocks_access, statuses_1.is_archived AS statuses_1_is_archived, statuses_1.is_default AS statuses_1_is_default, statuses_1.position_x AS statuses_1_position_x, statuses_1.position_y AS statuses_1_position_y, statuses_1.is_system AS statuses_1_is_system, statuses_1.tenant_id AS statuses_1_tenant_id, statuses_1.scope_id AS statuses_1_scope_id, statuses_1.created_at AS statuses_1_created_at, statuses_1.updated_at AS statuses_1_updated_at, tenants_1.id AS tenants_1_id, tenants_1.name AS tenants_1_name, tenants_1.slug AS tenants_1_slug, tenants_1.status_id AS tenants_1_status_id, tenants_1.is_platform AS tenants_1_is_platform, tenants_1.contact_name AS tenants_1_contact_name, tenants_1.contact_email AS tenants_1_contact_email, tenants_1.custom_domain AS tenants_1_custom_domain, tenants_1.notes AS tenants_1_notes, tenants_1.created_at AS tenants_1_created_at, tenants_1.updated_at AS tenants_1_updated_at 
FROM users LEFT OUTER JOIN tenants AS tenants_1 ON tenants_1.id = users.tenant_id LEFT OUTER JOIN statuses AS statuses_1 ON statuses_1.id = tenants_1.status_id 
WHERE users.tenant_id = %(tenant_id_1)s AND users.id = %(id_1)s AND users.is_trashed IS false 
 LIMIT %(param_1)s
2026-09-21 23:58:04,819 INFO sqlalchemy.engine.Engine [cached since 39.81s ago] {'tenant_id_1': '00000000-0000-0000-0000-000000000001', 'id_1': 'ba302dc8-1ad5-4753-b1f2-917a28dc464a', 'param_1': 1}
2026-09-21 23:58:04,820 INFO sqlalchemy.engine.Engine SELECT users_1.id AS users_1_id, roles.id AS roles_id, roles.tenant_id AS roles_tenant_id, roles.name AS roles_name, roles.description AS roles_description, roles.is_system AS roles_is_system, roles.created_at AS roles_created_at, roles.updated_at AS roles_updated_at 
FROM users AS users_1 JOIN user_roles AS user_roles_1 ON users_1.id = user_roles_1.user_id JOIN roles ON roles.id = user_roles_1.role_id 
WHERE users_1.id IN (%(primary_keys_1)s)
2026-09-21 23:58:04,820 INFO sqlalchemy.engine.Engine [cached since 40.15s ago] {'primary_keys_1': 'ba302dc8-1ad5-4753-b1f2-917a28dc464a'}
2026-09-21 23:58:04,820 INFO sqlalchemy.engine.Engine SELECT roles_1.id AS roles_1_id, permissions.id AS permissions_id, permissions.key AS permissions_key, permissions.module AS permissions_module, permissions.resource AS permissions_resource, permissions.resource_label AS permissions_resource_label, permissions.action AS permissions_action, permissions.action_label AS permissions_action_label, permissions.description AS permissions_description, permissions.created_at AS permissions_created_at 
FROM roles AS roles_1 JOIN role_permissions AS role_permissions_1 ON roles_1.id = role_permissions_1.role_id JOIN permissions ON permissions.id = role_permissions_1.permission_id 
WHERE roles_1.id IN (%(primary_keys_1)s)
2026-09-21 23:58:04,820 INFO sqlalchemy.engine.Engine [cached since 40.15s ago] {'primary_keys_1': '6945749e-eb32-417e-9a98-4aa43cb398ca'}
2026-09-21 23:58:04,822 INFO sqlalchemy.engine.Engine SELECT tenant_modules.id AS tenant_modules_id 
FROM tenant_modules JOIN modules ON tenant_modules.module_id = modules.id 
WHERE tenant_modules.tenant_id = %(tenant_id_1)s AND modules.name = %(name_1)s AND tenant_modules.status = %(status_1)s 
 LIMIT %(param_1)s
2026-09-21 23:58:04,822 INFO sqlalchemy.engine.Engine [cached since 27.13s ago] {'tenant_id_1': '00000000-0000-0000-0000-000000000001', 'name_1': 'autocount', 'status_1': 'ACTIVE', 'param_1': 1}
2026-09-21 23:58:04,822 INFO sqlalchemy.engine.Engine SELECT background_jobs.id AS background_jobs_id, background_jobs.tenant_id AS background_jobs_tenant_id, background_jobs.type AS background_jobs_type, background_jobs.status AS background_jobs_status, background_jobs.actor_user_id AS background_jobs_actor_user_id, background_jobs.payload_json AS background_jobs_payload_json, background_jobs.result_json AS background_jobs_result_json, background_jobs.cursor_json AS background_jobs_cursor_json, background_jobs.logs_json AS background_jobs_logs_json, background_jobs.progress_total AS background_jobs_progress_total, background_jobs.progress_done AS background_jobs_progress_done, background_jobs.progress_failed AS background_jobs_progress_failed, background_jobs.error AS background_jobs_error, background_jobs.created_at AS background_jobs_created_at, background_jobs.started_at AS background_jobs_started_at, background_jobs.heartbeat_at AS background_jobs_heartbeat_at, background_jobs.finished_at AS background_jobs_finished_at 
FROM background_jobs 
WHERE background_jobs.id = %(id_1)s AND background_jobs.tenant_id = %(tenant_id_1)s AND background_jobs.type = %(type_1)s 
 LIMIT %(param_1)s
2026-09-21 23:58:04,822 INFO sqlalchemy.engine.Engine [cached since 0.8221s ago] {'id_1': '954245eb-a4f6-4dbd-9cc4-fee7214ad0e0', 'tenant_id_1': '00000000-0000-0000-0000-000000000001', 'type_1': 'autocount_source_preview', 'param_1': 1}
INFO:     127.0.0.1:61805 - "GET /autocount/previews/954245eb-a4f6-4dbd-9cc4-fee7214ad0e0 HTTP/1.1" 200 OK
2026-09-21 23:58:04,823 INFO sqlalchemy.engine.Engine ROLLBACK
2026-09-21 23:58:05,080 INFO sqlalchemy.engine.Engine BEGIN (implicit)
2026-09-21 23:58:05,080 INFO sqlalchemy.engine.Engine SELECT users.id AS users_id, users.tenant_id AS users_tenant_id, users.email AS users_email, users.password AS users_password, users.name AS users_name, users.status AS users_status, users.avatar_key AS users_avatar_key, users.avatar_version AS users_avatar_version, users.timezone AS users_timezone, users.created_at AS users_created_at, users.updated_at AS users_updated_at, users.last_sign_in_at AS users_last_sign_in_at, users.email_verified_at AS users_email_verified_at, users.is_trashed AS users_is_trashed, statuses_1.id AS statuses_1_id, statuses_1.entity_type AS statuses_1_entity_type, statuses_1.key AS statuses_1_key, statuses_1.category AS statuses_1_category, statuses_1.label AS statuses_1_label, statuses_1.color AS statuses_1_color, statuses_1.sort_order AS statuses_1_sort_order, statuses_1.is_initial AS statuses_1_is_initial, statuses_1.is_terminal AS statuses_1_is_terminal, statuses_1.is_active AS statuses_1_is_active, statuses_1.blocks_access AS statuses_1_blocks_access, statuses_1.is_archived AS statuses_1_is_archived, statuses_1.is_default AS statuses_1_is_default, statuses_1.position_x AS statuses_1_position_x, statuses_1.position_y AS statuses_1_position_y, statuses_1.is_system AS statuses_1_is_system, statuses_1.tenant_id AS statuses_1_tenant_id, statuses_1.scope_id AS statuses_1_scope_id, statuses_1.created_at AS statuses_1_created_at, statuses_1.updated_at AS statuses_1_updated_at, tenants_1.id AS tenants_1_id, tenants_1.name AS tenants_1_name, tenants_1.slug AS tenants_1_slug, tenants_1.status_id AS tenants_1_status_id, tenants_1.is_platform AS tenants_1_is_platform, tenants_1.contact_name AS tenants_1_contact_name, tenants_1.contact_email AS tenants_1_contact_email, tenants_1.custom_domain AS tenants_1_custom_domain, tenants_1.notes AS tenants_1_notes, tenants_1.created_at AS tenants_1_created_at, tenants_1.updated_at AS tenants_1_updated_at 
FROM users LEFT OUTER JOIN tenants AS tenants_1 ON tenants_1.id = users.tenant_id LEFT OUTER JOIN statuses AS statuses_1 ON statuses_1.id = tenants_1.status_id 
WHERE users.tenant_id = %(tenant_id_1)s AND users.id = %(id_1)s AND users.is_trashed IS false 
 LIMIT %(param_1)s
2026-09-21 23:58:05,080 INFO sqlalchemy.engine.Engine [cached since 40.07s ago] {'tenant_id_1': '00000000-0000-0000-0000-000000000001', 'id_1': 'ba302dc8-1ad5-4753-b1f2-917a28dc464a', 'param_1': 1}
2026-09-21 23:58:05,081 INFO sqlalchemy.engine.Engine SELECT users_1.id AS users_1_id, roles.id AS roles_id, roles.tenant_id AS roles_tenant_id, roles.name AS roles_name, roles.description AS roles_description, roles.is_system AS roles_is_system, roles.created_at AS roles_created_at, roles.updated_at AS roles_updated_at 
FROM users AS users_1 JOIN user_roles AS user_roles_1 ON users_1.id = user_roles_1.user_id JOIN roles ON roles.id = user_roles_1.role_id 
WHERE users_1.id IN (%(primary_keys_1)s)
2026-09-21 23:58:05,081 INFO sqlalchemy.engine.Engine [cached since 40.41s ago] {'primary_keys_1': 'ba302dc8-1ad5-4753-b1f2-917a28dc464a'}
2026-09-21 23:58:05,081 INFO sqlalchemy.engine.Engine SELECT roles_1.id AS roles_1_id, permissions.id AS permissions_id, permissions.key AS permissions_key, permissions.module AS permissions_module, permissions.resource AS permissions_resource, permissions.resource_label AS permissions_resource_label, permissions.action AS permissions_action, permissions.action_label AS permissions_action_label, permissions.description AS permissions_description, permissions.created_at AS permissions_created_at 
FROM roles AS roles_1 JOIN role_permissions AS role_permissions_1 ON roles_1.id = role_permissions_1.role_id JOIN permissions ON permissions.id = role_permissions_1.permission_id 
WHERE roles_1.id IN (%(primary_keys_1)s)
2026-09-21 23:58:05,081 INFO sqlalchemy.engine.Engine [cached since 40.41s ago] {'primary_keys_1': '6945749e-eb32-417e-9a98-4aa43cb398ca'}
2026-09-21 23:58:05,083 INFO sqlalchemy.engine.Engine SELECT tenant_modules.id AS tenant_modules_id 
FROM tenant_modules JOIN modules ON tenant_modules.module_id = modules.id 
WHERE tenant_modules.tenant_id = %(tenant_id_1)s AND modules.name = %(name_1)s AND tenant_modules.status = %(status_1)s 
 LIMIT %(param_1)s
2026-09-21 23:58:05,083 INFO sqlalchemy.engine.Engine [cached since 27.39s ago] {'tenant_id_1': '00000000-0000-0000-0000-000000000001', 'name_1': 'autocount', 'status_1': 'ACTIVE', 'param_1': 1}
2026-09-21 23:58:05,084 INFO sqlalchemy.engine.Engine SELECT background_jobs.id AS background_jobs_id, background_jobs.tenant_id AS background_jobs_tenant_id, background_jobs.type AS background_jobs_type, background_jobs.status AS background_jobs_status, background_jobs.actor_user_id AS background_jobs_actor_user_id, background_jobs.payload_json AS background_jobs_payload_json, background_jobs.result_json AS background_jobs_result_json, background_jobs.cursor_json AS background_jobs_cursor_json, background_jobs.logs_json AS background_jobs_logs_json, background_jobs.progress_total AS background_jobs_progress_total, background_jobs.progress_done AS background_jobs_progress_done, background_jobs.progress_failed AS background_jobs_progress_failed, background_jobs.error AS background_jobs_error, background_jobs.created_at AS background_jobs_created_at, background_jobs.started_at AS background_jobs_started_at, background_jobs.heartbeat_at AS background_jobs_heartbeat_at, background_jobs.finished_at AS background_jobs_finished_at 
FROM background_jobs 
WHERE background_jobs.id = %(id_1)s AND background_jobs.tenant_id = %(tenant_id_1)s AND background_jobs.type = %(type_1)s 
 LIMIT %(param_1)s
2026-09-21 23:58:05,084 INFO sqlalchemy.engine.Engine [cached since 1.083s ago] {'id_1': '954245eb-a4f6-4dbd-9cc4-fee7214ad0e0', 'tenant_id_1': '00000000-0000-0000-0000-000000000001', 'type_1': 'autocount_source_preview', 'param_1': 1}
INFO:     127.0.0.1:61805 - "GET /autocount/previews/954245eb-a4f6-4dbd-9cc4-fee7214ad0e0 HTTP/1.1" 200 OK
2026-09-21 23:58:05,084 INFO sqlalchemy.engine.Engine ROLLBACK
2026-09-21 23:58:06,591 INFO sqlalchemy.engine.Engine BEGIN (implicit)
2026-09-21 23:58:06,592 INFO sqlalchemy.engine.Engine SELECT users.id AS users_id, users.tenant_id AS users_tenant_id, users.email AS users_email, users.password AS users_password, users.name AS users_name, users.status AS users_status, users.avatar_key AS users_avatar_key, users.avatar_version AS users_avatar_version, users.timezone AS users_timezone, users.created_at AS users_created_at, users.updated_at AS users_updated_at, users.last_sign_in_at AS users_last_sign_in_at, users.email_verified_at AS users_email_verified_at, users.is_trashed AS users_is_trashed, statuses_1.id AS statuses_1_id, statuses_1.entity_type AS statuses_1_entity_type, statuses_1.key AS statuses_1_key, statuses_1.category AS statuses_1_category, statuses_1.label AS statuses_1_label, statuses_1.color AS statuses_1_color, statuses_1.sort_order AS statuses_1_sort_order, statuses_1.is_initial AS statuses_1_is_initial, statuses_1.is_terminal AS statuses_1_is_terminal, statuses_1.is_active AS statuses_1_is_active, statuses_1.blocks_access AS statuses_1_blocks_access, statuses_1.is_archived AS statuses_1_is_archived, statuses_1.is_default AS statuses_1_is_default, statuses_1.position_x AS statuses_1_position_x, statuses_1.position_y AS statuses_1_position_y, statuses_1.is_system AS statuses_1_is_system, statuses_1.tenant_id AS statuses_1_tenant_id, statuses_1.scope_id AS statuses_1_scope_id, statuses_1.created_at AS statuses_1_created_at, statuses_1.updated_at AS statuses_1_updated_at, tenants_1.id AS tenants_1_id, tenants_1.name AS tenants_1_name, tenants_1.slug AS tenants_1_slug, tenants_1.status_id AS tenants_1_status_id, tenants_1.is_platform AS tenants_1_is_platform, tenants_1.contact_name AS tenants_1_contact_name, tenants_1.contact_email AS tenants_1_contact_email, tenants_1.custom_domain AS tenants_1_custom_domain, tenants_1.notes AS tenants_1_notes, tenants_1.created_at AS tenants_1_created_at, tenants_1.updated_at AS tenants_1_updated_at 
FROM users LEFT OUTER JOIN tenants AS tenants_1 ON tenants_1.id = users.tenant_id LEFT OUTER JOIN statuses AS statuses_1 ON statuses_1.id = tenants_1.status_id 
WHERE users.tenant_id = %(tenant_id_1)s AND users.id = %(id_1)s AND users.is_trashed IS false 
 LIMIT %(param_1)s
2026-09-21 23:58:06,592 INFO sqlalchemy.engine.Engine [cached since 41.59s ago] {'tenant_id_1': '00000000-0000-0000-0000-000000000001', 'id_1': 'ba302dc8-1ad5-4753-b1f2-917a28dc464a', 'param_1': 1}
2026-09-21 23:58:06,592 INFO sqlalchemy.engine.Engine SELECT users_1.id AS users_1_id, roles.id AS roles_id, roles.tenant_id AS roles_tenant_id, roles.name AS roles_name, roles.description AS roles_description, roles.is_system AS roles_is_system, roles.created_at AS roles_created_at, roles.updated_at AS roles_updated_at 
FROM users AS users_1 JOIN user_roles AS user_roles_1 ON users_1.id = user_roles_1.user_id JOIN roles ON roles.id = user_roles_1.role_id 
WHERE users_1.id IN (%(primary_keys_1)s)
2026-09-21 23:58:06,592 INFO sqlalchemy.engine.Engine [cached since 41.93s ago] {'primary_keys_1': 'ba302dc8-1ad5-4753-b1f2-917a28dc464a'}
2026-09-21 23:58:06,593 INFO sqlalchemy.engine.Engine SELECT roles_1.id AS roles_1_id, permissions.id AS permissions_id, permissions.key AS permissions_key, permissions.module AS permissions_module, permissions.resource AS permissions_resource, permissions.resource_label AS permissions_resource_label, permissions.action AS permissions_action, permissions.action_label AS permissions_action_label, permissions.description AS permissions_description, permissions.created_at AS permissions_created_at 
FROM roles AS roles_1 JOIN role_permissions AS role_permissions_1 ON roles_1.id = role_permissions_1.role_id JOIN permissions ON permissions.id = role_permissions_1.permission_id 
WHERE roles_1.id IN (%(primary_keys_1)s)
2026-09-21 23:58:06,593 INFO sqlalchemy.engine.Engine [cached since 41.92s ago] {'primary_keys_1': '6945749e-eb32-417e-9a98-4aa43cb398ca'}
2026-09-21 23:58:06,594 INFO sqlalchemy.engine.Engine SELECT tenant_modules.id AS tenant_modules_id 
FROM tenant_modules JOIN modules ON tenant_modules.module_id = modules.id 
WHERE tenant_modules.tenant_id = %(tenant_id_1)s AND modules.name = %(name_1)s AND tenant_modules.status = %(status_1)s 
 LIMIT %(param_1)s
2026-09-21 23:58:06,594 INFO sqlalchemy.engine.Engine [cached since 28.9s ago] {'tenant_id_1': '00000000-0000-0000-0000-000000000001', 'name_1': 'autocount', 'status_1': 'ACTIVE', 'param_1': 1}
2026-09-21 23:58:06,595 INFO sqlalchemy.engine.Engine SELECT background_jobs.id AS background_jobs_id, background_jobs.tenant_id AS background_jobs_tenant_id, background_jobs.type AS background_jobs_type, background_jobs.status AS background_jobs_status, background_jobs.actor_user_id AS background_jobs_actor_user_id, background_jobs.payload_json AS background_jobs_payload_json, background_jobs.result_json AS background_jobs_result_json, background_jobs.cursor_json AS background_jobs_cursor_json, background_jobs.logs_json AS background_jobs_logs_json, background_jobs.progress_total AS background_jobs_progress_total, background_jobs.progress_done AS background_jobs_progress_done, background_jobs.progress_failed AS background_jobs_progress_failed, background_jobs.error AS background_jobs_error, background_jobs.created_at AS background_jobs_created_at, background_jobs.started_at AS background_jobs_started_at, background_jobs.heartbeat_at AS background_jobs_heartbeat_at, background_jobs.finished_at AS background_jobs_finished_at 
FROM background_jobs 
WHERE background_jobs.id = %(id_1)s AND background_jobs.tenant_id = %(tenant_id_1)s AND background_jobs.type = %(type_1)s 
 LIMIT %(param_1)s
2026-09-21 23:58:06,595 INFO sqlalchemy.engine.Engine [cached since 2.595s ago] {'id_1': '954245eb-a4f6-4dbd-9cc4-fee7214ad0e0', 'tenant_id_1': '00000000-0000-0000-0000-000000000001', 'type_1': 'autocount_source_preview', 'param_1': 1}
INFO:     127.0.0.1:61805 - "GET /autocount/previews/954245eb-a4f6-4dbd-9cc4-fee7214ad0e0 HTTP/1.1" 200 OK
2026-09-21 23:58:06,597 INFO sqlalchemy.engine.Engine ROLLBACK
2026-09-21 23:58:19,365 INFO sqlalchemy.engine.Engine BEGIN (implicit)
2026-09-21 23:58:19,366 INFO sqlalchemy.engine.Engine SELECT email_outbox.id AS email_outbox_id, email_outbox.tenant_id AS email_outbox_tenant_id, email_outbox.connection_id AS email_outbox_connection_id, email_outbox.to_email AS email_outbox_to_email, email_outbox.subject AS email_outbox_subject, email_outbox.html_body AS email_outbox_html_body, email_outbox.text_body AS email_outbox_text_body, email_outbox.template_key AS email_outbox_template_key, email_outbox.status AS email_outbox_status, email_outbox.attempts AS email_outbox_attempts, email_outbox.next_attempt_at AS email_outbox_next_attempt_at, email_outbox.last_error AS email_outbox_last_error, email_outbox.used_fallback AS email_outbox_used_fallback, email_outbox.created_at AS email_outbox_created_at, email_outbox.sent_at AS email_outbox_sent_at 
FROM email_outbox 
WHERE email_outbox.status IN (%(status_1_1)s, %(status_1_2)s) AND email_outbox.next_attempt_at <= %(next_attempt_at_1)s ORDER BY email_outbox.next_attempt_at 
 LIMIT %(param_1)s FOR UPDATE SKIP LOCKED
2026-09-21 23:58:19,366 INFO sqlalchemy.engine.Engine [cached since 150.2s ago] {'next_attempt_at_1': datetime.datetime(2026, 9, 21, 15, 58, 19, 363555, tzinfo=datetime.timezone.utc), 'param_1': 20, 'status_1_1': 'pending', 'status_1_2': 'sending'}
2026-09-21 23:58:19,370 INFO sqlalchemy.engine.Engine COMMIT
2026-09-21 23:58:23,198 INFO sqlalchemy.engine.Engine BEGIN (implicit)
2026-09-21 23:58:23,199 INFO sqlalchemy.engine.Engine SELECT tenant_branding.tenant_id AS tenant_branding_tenant_id, tenant_branding.slogan AS tenant_branding_slogan, tenant_branding.app_name AS tenant_branding_app_name, tenant_branding.logo_key AS tenant_branding_logo_key, tenant_branding.logo_mime AS tenant_branding_logo_mime, tenant_branding.favicon_key AS tenant_branding_favicon_key, tenant_branding.favicon_mime AS tenant_branding_favicon_mime, tenant_branding.illustration_key AS tenant_branding_illustration_key, tenant_branding.illustration_mime AS tenant_branding_illustration_mime, tenant_branding.tokens_json AS tenant_branding_tokens_json, tenant_branding.socials_json AS tenant_branding_socials_json, tenant_branding.footer_json AS tenant_branding_footer_json, tenant_branding.version AS tenant_branding_version, tenant_branding.created_at AS tenant_branding_created_at, tenant_branding.updated_at AS tenant_branding_updated_at, statuses_1.id AS statuses_1_id, statuses_1.entity_type AS statuses_1_entity_type, statuses_1.key AS statuses_1_key, statuses_1.category AS statuses_1_category, statuses_1.label AS statuses_1_label, statuses_1.color AS statuses_1_color, statuses_1.sort_order AS statuses_1_sort_order, statuses_1.is_initial AS statuses_1_is_initial, statuses_1.is_terminal AS statuses_1_is_terminal, statuses_1.is_active AS statuses_1_is_active, statuses_1.blocks_access AS statuses_1_blocks_access, statuses_1.is_archived AS statuses_1_is_archived, statuses_1.is_default AS statuses_1_is_default, statuses_1.position_x AS statuses_1_position_x, statuses_1.position_y AS statuses_1_position_y, statuses_1.is_system AS statuses_1_is_system, statuses_1.tenant_id AS statuses_1_tenant_id, statuses_1.scope_id AS statuses_1_scope_id, statuses_1.created_at AS statuses_1_created_at, statuses_1.updated_at AS statuses_1_updated_at, tenants_1.id AS tenants_1_id, tenants_1.name AS tenants_1_name, tenants_1.slug AS tenants_1_slug, tenants_1.status_id AS tenants_1_status_id, tenants_1.is_platform AS tenants_1_is_platform, tenants_1.contact_name AS tenants_1_contact_name, tenants_1.contact_email AS tenants_1_contact_email, tenants_1.custom_domain AS tenants_1_custom_domain, tenants_1.notes AS tenants_1_notes, tenants_1.created_at AS tenants_1_created_at, tenants_1.updated_at AS tenants_1_updated_at 
FROM tenant_branding JOIN tenants ON tenants.id = tenant_branding.tenant_id LEFT OUTER JOIN tenants AS tenants_1 ON tenants_1.id = tenant_branding.tenant_id LEFT OUTER JOIN statuses AS statuses_1 ON statuses_1.id = tenants_1.status_id 
WHERE tenants.slug = %(slug_1)s 
 LIMIT %(param_1)s
2026-09-21 23:58:23,199 INFO sqlalchemy.engine.Engine [cached since 71.55s ago] {'slug_1': 'default', 'param_1': 1}
2026-09-21 23:58:23,199 INFO sqlalchemy.engine.Engine BEGIN (implicit)
2026-09-21 23:58:23,199 INFO sqlalchemy.engine.Engine SELECT tenant_branding.tenant_id AS tenant_branding_tenant_id, tenant_branding.slogan AS tenant_branding_slogan, tenant_branding.app_name AS tenant_branding_app_name, tenant_branding.logo_key AS tenant_branding_logo_key, tenant_branding.logo_mime AS tenant_branding_logo_mime, tenant_branding.favicon_key AS tenant_branding_favicon_key, tenant_branding.favicon_mime AS tenant_branding_favicon_mime, tenant_branding.illustration_key AS tenant_branding_illustration_key, tenant_branding.illustration_mime AS tenant_branding_illustration_mime, tenant_branding.tokens_json AS tenant_branding_tokens_json, tenant_branding.socials_json AS tenant_branding_socials_json, tenant_branding.footer_json AS tenant_branding_footer_json, tenant_branding.version AS tenant_branding_version, tenant_branding.created_at AS tenant_branding_created_at, tenant_branding.updated_at AS tenant_branding_updated_at, statuses_1.id AS statuses_1_id, statuses_1.entity_type AS statuses_1_entity_type, statuses_1.key AS statuses_1_key, statuses_1.category AS statuses_1_category, statuses_1.label AS statuses_1_label, statuses_1.color AS statuses_1_color, statuses_1.sort_order AS statuses_1_sort_order, statuses_1.is_initial AS statuses_1_is_initial, statuses_1.is_terminal AS statuses_1_is_terminal, statuses_1.is_active AS statuses_1_is_active, statuses_1.blocks_access AS statuses_1_blocks_access, statuses_1.is_archived AS statuses_1_is_archived, statuses_1.is_default AS statuses_1_is_default, statuses_1.position_x AS statuses_1_position_x, statuses_1.position_y AS statuses_1_position_y, statuses_1.is_system AS statuses_1_is_system, statuses_1.tenant_id AS statuses_1_tenant_id, statuses_1.scope_id AS statuses_1_scope_id, statuses_1.created_at AS statuses_1_created_at, statuses_1.updated_at AS statuses_1_updated_at, tenants_1.id AS tenants_1_id, tenants_1.name AS tenants_1_name, tenants_1.slug AS tenants_1_slug, tenants_1.status_id AS tenants_1_status_id, tenants_1.is_platform AS tenants_1_is_platform, tenants_1.contact_name AS tenants_1_contact_name, tenants_1.contact_email AS tenants_1_contact_email, tenants_1.custom_domain AS tenants_1_custom_domain, tenants_1.notes AS tenants_1_notes, tenants_1.created_at AS tenants_1_created_at, tenants_1.updated_at AS tenants_1_updated_at 
FROM tenant_branding JOIN tenants ON tenants.id = tenant_branding.tenant_id LEFT OUTER JOIN tenants AS tenants_1 ON tenants_1.id = tenant_branding.tenant_id LEFT OUTER JOIN statuses AS statuses_1 ON statuses_1.id = tenants_1.status_id 
WHERE tenants.slug = %(slug_1)s 
 LIMIT %(param_1)s
2026-09-21 23:58:23,199 INFO sqlalchemy.engine.Engine [cached since 71.55s ago] {'slug_1': 'default', 'param_1': 1}
2026-09-21 23:58:23,202 INFO sqlalchemy.engine.Engine BEGIN (implicit)
2026-09-21 23:58:23,202 INFO sqlalchemy.engine.Engine SELECT tenant_branding.tenant_id AS tenant_branding_tenant_id, tenant_branding.slogan AS tenant_branding_slogan, tenant_branding.app_name AS tenant_branding_app_name, tenant_branding.logo_key AS tenant_branding_logo_key, tenant_branding.logo_mime AS tenant_branding_logo_mime, tenant_branding.favicon_key AS tenant_branding_favicon_key, tenant_branding.favicon_mime AS tenant_branding_favicon_mime, tenant_branding.illustration_key AS tenant_branding_illustration_key, tenant_branding.illustration_mime AS tenant_branding_illustration_mime, tenant_branding.tokens_json AS tenant_branding_tokens_json, tenant_branding.socials_json AS tenant_branding_socials_json, tenant_branding.footer_json AS tenant_branding_footer_json, tenant_branding.version AS tenant_branding_version, tenant_branding.created_at AS tenant_branding_created_at, tenant_branding.updated_at AS tenant_branding_updated_at, statuses_1.id AS statuses_1_id, statuses_1.entity_type AS statuses_1_entity_type, statuses_1.key AS statuses_1_key, statuses_1.category AS statuses_1_category, statuses_1.label AS statuses_1_label, statuses_1.color AS statuses_1_color, statuses_1.sort_order AS statuses_1_sort_order, statuses_1.is_initial AS statuses_1_is_initial, statuses_1.is_terminal AS statuses_1_is_terminal, statuses_1.is_active AS statuses_1_is_active, statuses_1.blocks_access AS statuses_1_blocks_access, statuses_1.is_archived AS statuses_1_is_archived, statuses_1.is_default AS statuses_1_is_default, statuses_1.position_x AS statuses_1_position_x, statuses_1.position_y AS statuses_1_position_y, statuses_1.is_system AS statuses_1_is_system, statuses_1.tenant_id AS statuses_1_tenant_id, statuses_1.scope_id AS statuses_1_scope_id, statuses_1.created_at AS statuses_1_created_at, statuses_1.updated_at AS statuses_1_updated_at, tenants_1.id AS tenants_1_id, tenants_1.name AS tenants_1_name, tenants_1.slug AS tenants_1_slug, tenants_1.status_id AS tenants_1_status_id, tenants_1.is_platform AS tenants_1_is_platform, tenants_1.contact_name AS tenants_1_contact_name, tenants_1.contact_email AS tenants_1_contact_email, tenants_1.custom_domain AS tenants_1_custom_domain, tenants_1.notes AS tenants_1_notes, tenants_1.created_at AS tenants_1_created_at, tenants_1.updated_at AS tenants_1_updated_at 
FROM tenant_branding JOIN tenants ON tenants.id = tenant_branding.tenant_id LEFT OUTER JOIN tenants AS tenants_1 ON tenants_1.id = tenant_branding.tenant_id LEFT OUTER JOIN statuses AS statuses_1 ON statuses_1.id = tenants_1.status_id 
WHERE tenants.slug = %(slug_1)s 
 LIMIT %(param_1)s
2026-09-21 23:58:23,202 INFO sqlalchemy.engine.Engine [cached since 71.55s ago] {'slug_1': 'default', 'param_1': 1}
INFO:     127.0.0.1:61835 - "GET /public/branding/default HTTP/1.1" 200 OK
INFO:     127.0.0.1:61837 - "GET /public/branding/default HTTP/1.1" 200 OK
2026-09-21 23:58:23,203 INFO sqlalchemy.engine.Engine ROLLBACK
2026-09-21 23:58:23,203 INFO sqlalchemy.engine.Engine ROLLBACK
INFO:     127.0.0.1:61838 - "GET /public/branding/default HTTP/1.1" 200 OK
2026-09-21 23:58:23,204 INFO sqlalchemy.engine.Engine ROLLBACK
INFO:     127.0.0.1:61851 - "OPTIONS /autocount/companies/228f0f18-1ca3-4ee8-874d-83789cf560f0/entities/product/etl-task/preview HTTP/1.1" 200 OK
2026-09-21 23:58:31,339 INFO sqlalchemy.engine.Engine BEGIN (implicit)
2026-09-21 23:58:31,339 INFO sqlalchemy.engine.Engine SELECT users.id AS users_id, users.tenant_id AS users_tenant_id, users.email AS users_email, users.password AS users_password, users.name AS users_name, users.status AS users_status, users.avatar_key AS users_avatar_key, users.avatar_version AS users_avatar_version, users.timezone AS users_timezone, users.created_at AS users_created_at, users.updated_at AS users_updated_at, users.last_sign_in_at AS users_last_sign_in_at, users.email_verified_at AS users_email_verified_at, users.is_trashed AS users_is_trashed, statuses_1.id AS statuses_1_id, statuses_1.entity_type AS statuses_1_entity_type, statuses_1.key AS statuses_1_key, statuses_1.category AS statuses_1_category, statuses_1.label AS statuses_1_label, statuses_1.color AS statuses_1_color, statuses_1.sort_order AS statuses_1_sort_order, statuses_1.is_initial AS statuses_1_is_initial, statuses_1.is_terminal AS statuses_1_is_terminal, statuses_1.is_active AS statuses_1_is_active, statuses_1.blocks_access AS statuses_1_blocks_access, statuses_1.is_archived AS statuses_1_is_archived, statuses_1.is_default AS statuses_1_is_default, statuses_1.position_x AS statuses_1_position_x, statuses_1.position_y AS statuses_1_position_y, statuses_1.is_system AS statuses_1_is_system, statuses_1.tenant_id AS statuses_1_tenant_id, statuses_1.scope_id AS statuses_1_scope_id, statuses_1.created_at AS statuses_1_created_at, statuses_1.updated_at AS statuses_1_updated_at, tenants_1.id AS tenants_1_id, tenants_1.name AS tenants_1_name, tenants_1.slug AS tenants_1_slug, tenants_1.status_id AS tenants_1_status_id, tenants_1.is_platform AS tenants_1_is_platform, tenants_1.contact_name AS tenants_1_contact_name, tenants_1.contact_email AS tenants_1_contact_email, tenants_1.custom_domain AS tenants_1_custom_domain, tenants_1.notes AS tenants_1_notes, tenants_1.created_at AS tenants_1_created_at, tenants_1.updated_at AS tenants_1_updated_at 
FROM users LEFT OUTER JOIN tenants AS tenants_1 ON tenants_1.id = users.tenant_id LEFT OUTER JOIN statuses AS statuses_1 ON statuses_1.id = tenants_1.status_id 
WHERE users.tenant_id = %(tenant_id_1)s AND users.id = %(id_1)s AND users.is_trashed IS false 
 LIMIT %(param_1)s
2026-09-21 23:58:31,339 INFO sqlalchemy.engine.Engine [cached since 66.33s ago] {'tenant_id_1': '00000000-0000-0000-0000-000000000001', 'id_1': 'ba302dc8-1ad5-4753-b1f2-917a28dc464a', 'param_1': 1}
2026-09-21 23:58:31,345 INFO sqlalchemy.engine.Engine SELECT users_1.id AS users_1_id, roles.id AS roles_id, roles.tenant_id AS roles_tenant_id, roles.name AS roles_name, roles.description AS roles_description, roles.is_system AS roles_is_system, roles.created_at AS roles_created_at, roles.updated_at AS roles_updated_at 
FROM users AS users_1 JOIN user_roles AS user_roles_1 ON users_1.id = user_roles_1.user_id JOIN roles ON roles.id = user_roles_1.role_id 
WHERE users_1.id IN (%(primary_keys_1)s)
2026-09-21 23:58:31,345 INFO sqlalchemy.engine.Engine [cached since 66.68s ago] {'primary_keys_1': 'ba302dc8-1ad5-4753-b1f2-917a28dc464a'}
2026-09-21 23:58:31,347 INFO sqlalchemy.engine.Engine SELECT roles_1.id AS roles_1_id, permissions.id AS permissions_id, permissions.key AS permissions_key, permissions.module AS permissions_module, permissions.resource AS permissions_resource, permissions.resource_label AS permissions_resource_label, permissions.action AS permissions_action, permissions.action_label AS permissions_action_label, permissions.description AS permissions_description, permissions.created_at AS permissions_created_at 
FROM roles AS roles_1 JOIN role_permissions AS role_permissions_1 ON roles_1.id = role_permissions_1.role_id JOIN permissions ON permissions.id = role_permissions_1.permission_id 
WHERE roles_1.id IN (%(primary_keys_1)s)
2026-09-21 23:58:31,347 INFO sqlalchemy.engine.Engine [cached since 66.67s ago] {'primary_keys_1': '6945749e-eb32-417e-9a98-4aa43cb398ca'}
2026-09-21 23:58:31,350 INFO sqlalchemy.engine.Engine SELECT tenant_modules.id AS tenant_modules_id 
FROM tenant_modules JOIN modules ON tenant_modules.module_id = modules.id 
WHERE tenant_modules.tenant_id = %(tenant_id_1)s AND modules.name = %(name_1)s AND tenant_modules.status = %(status_1)s 
 LIMIT %(param_1)s
2026-09-21 23:58:31,351 INFO sqlalchemy.engine.Engine [cached since 53.66s ago] {'tenant_id_1': '00000000-0000-0000-0000-000000000001', 'name_1': 'autocount', 'status_1': 'ACTIVE', 'param_1': 1}
2026-09-21 23:58:31,353 INFO sqlalchemy.engine.Engine SELECT app_autocount.ac_company.id AS app_autocount_ac_company_id, app_autocount.ac_company.tenant_id AS app_autocount_ac_company_tenant_id, app_autocount.ac_company.connection_id AS app_autocount_ac_company_connection_id, app_autocount.ac_company.database_name AS app_autocount_ac_company_database_name, app_autocount.ac_company.company_name AS app_autocount_ac_company_company_name, app_autocount.ac_company.name AS app_autocount_ac_company_name, app_autocount.ac_company.is_active AS app_autocount_ac_company_is_active, app_autocount.ac_company.sink_impl AS app_autocount_ac_company_sink_impl, app_autocount.ac_company.sink_connection_id AS app_autocount_ac_company_sink_connection_id, app_autocount.ac_company.sorento_company_code AS app_autocount_ac_company_sorento_company_code, app_autocount.ac_company.created_at AS app_autocount_ac_company_created_at, app_autocount.ac_company.updated_at AS app_autocount_ac_company_updated_at 
FROM app_autocount.ac_company 
WHERE app_autocount.ac_company.tenant_id = %(tenant_id_1)s AND app_autocount.ac_company.id = %(id_1)s 
 LIMIT %(param_1)s
2026-09-21 23:58:31,353 INFO sqlalchemy.engine.Engine [cached since 48.85s ago] {'tenant_id_1': '00000000-0000-0000-0000-000000000001', 'id_1': '228f0f18-1ca3-4ee8-874d-83789cf560f0', 'param_1': 1}
2026-09-21 23:58:31,355 INFO sqlalchemy.engine.Engine SELECT app_autocount.ac_entity_config.id AS app_autocount_ac_entity_config_id, app_autocount.ac_entity_config.tenant_id AS app_autocount_ac_entity_config_tenant_id, app_autocount.ac_entity_config.company_id AS app_autocount_ac_entity_config_company_id, app_autocount.ac_entity_config.entity_type AS app_autocount_ac_entity_config_entity_type, app_autocount.ac_entity_config.sync_mode AS app_autocount_ac_entity_config_sync_mode, app_autocount.ac_entity_config.source_impl AS app_autocount_ac_entity_config_source_impl, app_autocount.ac_entity_config.envelope AS app_autocount_ac_entity_config_envelope, app_autocount.ac_entity_config.initial_load AS app_autocount_ac_entity_config_initial_load, app_autocount.ac_entity_config.record_cap AS app_autocount_ac_entity_config_record_cap, app_autocount.ac_entity_config.initial_lookback_days AS app_autocount_ac_entity_config_initial_lookback_days, app_autocount.ac_entity_config.enabled AS app_autocount_ac_entity_config_enabled, app_autocount.ac_entity_config.delivery_mode AS app_autocount_ac_entity_config_delivery_mode, app_autocount.ac_entity_config.source_config AS app_autocount_ac_entity_config_source_config, app_autocount.ac_entity_config.etl_status AS app_autocount_ac_entity_config_etl_status, app_autocount.ac_entity_config.activated_at AS app_autocount_ac_entity_config_activated_at, app_autocount.ac_entity_config.next_incremental_at AS app_autocount_ac_entity_config_next_incremental_at, app_autocount.ac_entity_config.next_reconcile_at AS app_autocount_ac_entity_config_next_reconcile_at, app_autocount.ac_entity_config.last_run_error AS app_autocount_ac_entity_config_last_run_error, app_autocount.ac_entity_config.last_run_error_code AS app_autocount_ac_entity_config_last_run_error_code, app_autocount.ac_entity_config.result_columns AS app_autocount_ac_entity_config_result_columns, app_autocount.ac_entity_config.line_result_columns AS app_autocount_ac_entity_config_line_result_columns, app_autocount.ac_entity_config.last_preview_at AS app_autocount_ac_entity_config_last_preview_at, app_autocount.ac_entity_config.last_preview_failed_count AS app_autocount_ac_entity_config_last_preview_failed_count, app_autocount.ac_entity_config.last_run_at AS app_autocount_ac_entity_config_last_run_at, app_autocount.ac_entity_config.preview_job_id AS app_autocount_ac_entity_config_preview_job_id, app_autocount.ac_entity_config.created_at AS app_autocount_ac_entity_config_created_at, app_autocount.ac_entity_config.updated_at AS app_autocount_ac_entity_config_updated_at 
FROM app_autocount.ac_entity_config 
WHERE app_autocount.ac_entity_config.tenant_id = %(tenant_id_1)s AND app_autocount.ac_entity_config.company_id = %(company_id_1)s AND app_autocount.ac_entity_config.entity_type = %(entity_type_1)s 
 LIMIT %(param_1)s
2026-09-21 23:58:31,355 INFO sqlalchemy.engine.Engine [cached since 36.34s ago] {'tenant_id_1': '00000000-0000-0000-0000-000000000001', 'company_id_1': '228f0f18-1ca3-4ee8-874d-83789cf560f0', 'entity_type_1': 'product', 'param_1': 1}
2026-09-21 23:58:31,356 INFO sqlalchemy.engine.Engine SELECT app_autocount.ac_entity_config.id AS app_autocount_ac_entity_config_id, app_autocount.ac_entity_config.tenant_id AS app_autocount_ac_entity_config_tenant_id, app_autocount.ac_entity_config.company_id AS app_autocount_ac_entity_config_company_id, app_autocount.ac_entity_config.entity_type AS app_autocount_ac_entity_config_entity_type, app_autocount.ac_entity_config.sync_mode AS app_autocount_ac_entity_config_sync_mode, app_autocount.ac_entity_config.source_impl AS app_autocount_ac_entity_config_source_impl, app_autocount.ac_entity_config.envelope AS app_autocount_ac_entity_config_envelope, app_autocount.ac_entity_config.initial_load AS app_autocount_ac_entity_config_initial_load, app_autocount.ac_entity_config.record_cap AS app_autocount_ac_entity_config_record_cap, app_autocount.ac_entity_config.initial_lookback_days AS app_autocount_ac_entity_config_initial_lookback_days, app_autocount.ac_entity_config.enabled AS app_autocount_ac_entity_config_enabled, app_autocount.ac_entity_config.delivery_mode AS app_autocount_ac_entity_config_delivery_mode, app_autocount.ac_entity_config.source_config AS app_autocount_ac_entity_config_source_config, app_autocount.ac_entity_config.etl_status AS app_autocount_ac_entity_config_etl_status, app_autocount.ac_entity_config.activated_at AS app_autocount_ac_entity_config_activated_at, app_autocount.ac_entity_config.next_incremental_at AS app_autocount_ac_entity_config_next_incremental_at, app_autocount.ac_entity_config.next_reconcile_at AS app_autocount_ac_entity_config_next_reconcile_at, app_autocount.ac_entity_config.last_run_error AS app_autocount_ac_entity_config_last_run_error, app_autocount.ac_entity_config.last_run_error_code AS app_autocount_ac_entity_config_last_run_error_code, app_autocount.ac_entity_config.result_columns AS app_autocount_ac_entity_config_result_columns, app_autocount.ac_entity_config.line_result_columns AS app_autocount_ac_entity_config_line_result_columns, app_autocount.ac_entity_config.last_preview_at AS app_autocount_ac_entity_config_last_preview_at, app_autocount.ac_entity_config.last_preview_failed_count AS app_autocount_ac_entity_config_last_preview_failed_count, app_autocount.ac_entity_config.last_run_at AS app_autocount_ac_entity_config_last_run_at, app_autocount.ac_entity_config.preview_job_id AS app_autocount_ac_entity_config_preview_job_id, app_autocount.ac_entity_config.created_at AS app_autocount_ac_entity_config_created_at, app_autocount.ac_entity_config.updated_at AS app_autocount_ac_entity_config_updated_at 
FROM app_autocount.ac_entity_config 
WHERE app_autocount.ac_entity_config.tenant_id = %(tenant_id_1)s AND app_autocount.ac_entity_config.company_id = %(company_id_1)s AND app_autocount.ac_entity_config.entity_type = %(entity_type_1)s 
 LIMIT %(param_1)s
2026-09-21 23:58:31,356 INFO sqlalchemy.engine.Engine [cached since 36.34s ago] {'tenant_id_1': '00000000-0000-0000-0000-000000000001', 'company_id_1': '228f0f18-1ca3-4ee8-874d-83789cf560f0', 'entity_type_1': 'product', 'param_1': 1}
2026-09-21 23:58:31,357 INFO sqlalchemy.engine.Engine UPDATE app_autocount.ac_entity_config SET preview_job_id=%(preview_job_id)s, updated_at=now() WHERE app_autocount.ac_entity_config.id = %(id_1)s AND app_autocount.ac_entity_config.preview_job_id IS NULL
2026-09-21 23:58:31,357 INFO sqlalchemy.engine.Engine [cached since 27.46s ago] {'preview_job_id': 'c646d7fa-dfc6-4c7a-9eea-2b986c623043', 'id_1': 'd14a8dff-506a-4d7b-b029-6a96d2272b41'}
2026-09-21 23:58:31,358 INFO sqlalchemy.engine.Engine INSERT INTO background_jobs (id, tenant_id, type, status, actor_user_id, payload_json, result_json, cursor_json, logs_json, progress_total, progress_done, progress_failed, error, started_at, heartbeat_at, finished_at) VALUES (%(id)s, %(tenant_id)s, %(type)s, %(status)s, %(actor_user_id)s, %(payload_json)s::JSON, %(result_json)s::JSON, %(cursor_json)s::JSON, %(logs_json)s::JSON, %(progress_total)s, %(progress_done)s, %(progress_failed)s, %(error)s, %(started_at)s, %(heartbeat_at)s, %(finished_at)s) RETURNING background_jobs.created_at
2026-09-21 23:58:31,358 INFO sqlalchemy.engine.Engine [cached since 27.46s ago] {'id': 'c646d7fa-dfc6-4c7a-9eea-2b986c623043', 'tenant_id': '00000000-0000-0000-0000-000000000001', 'type': 'autocount_source_preview', 'status': 'pending', 'actor_user_id': None, 'payload_json': '{"scope": "full", "companyId": "228f0f18-1ca3-4ee8-874d-83789cf560f0", "entityType": "product", "request": {}}', 'result_json': None, 'cursor_json': None, 'logs_json': None, 'progress_total': 0, 'progress_done': 0, 'progress_failed': 0, 'error': None, 'started_at': None, 'heartbeat_at': None, 'finished_at': None}
2026-09-21 23:58:31,359 INFO sqlalchemy.engine.Engine COMMIT
2026-09-21 23:58:31,360 INFO sqlalchemy.engine.Engine BEGIN (implicit)
2026-09-21 23:58:31,360 INFO sqlalchemy.engine.Engine SELECT background_jobs.id AS background_jobs_id, background_jobs.tenant_id AS background_jobs_tenant_id, background_jobs.type AS background_jobs_type, background_jobs.status AS background_jobs_status, background_jobs.actor_user_id AS background_jobs_actor_user_id, background_jobs.payload_json AS background_jobs_payload_json, background_jobs.result_json AS background_jobs_result_json, background_jobs.cursor_json AS background_jobs_cursor_json, background_jobs.logs_json AS background_jobs_logs_json, background_jobs.progress_total AS background_jobs_progress_total, background_jobs.progress_done AS background_jobs_progress_done, background_jobs.progress_failed AS background_jobs_progress_failed, background_jobs.error AS background_jobs_error, background_jobs.created_at AS background_jobs_created_at, background_jobs.started_at AS background_jobs_started_at, background_jobs.heartbeat_at AS background_jobs_heartbeat_at, background_jobs.finished_at AS background_jobs_finished_at 
FROM background_jobs 
WHERE background_jobs.id = %(pk_1)s
2026-09-21 23:58:31,360 INFO sqlalchemy.engine.Engine [cached since 27.45s ago] {'pk_1': 'c646d7fa-dfc6-4c7a-9eea-2b986c623043'}
2026-09-21 23:58:31,362 INFO sqlalchemy.engine.Engine SELECT background_jobs.id AS background_jobs_id, background_jobs.tenant_id AS background_jobs_tenant_id, background_jobs.type AS background_jobs_type, background_jobs.status AS background_jobs_status, background_jobs.actor_user_id AS background_jobs_actor_user_id, background_jobs.payload_json AS background_jobs_payload_json, background_jobs.result_json AS background_jobs_result_json, background_jobs.cursor_json AS background_jobs_cursor_json, background_jobs.logs_json AS background_jobs_logs_json, background_jobs.progress_total AS background_jobs_progress_total, background_jobs.progress_done AS background_jobs_progress_done, background_jobs.progress_failed AS background_jobs_progress_failed, background_jobs.error AS background_jobs_error, background_jobs.created_at AS background_jobs_created_at, background_jobs.started_at AS background_jobs_started_at, background_jobs.heartbeat_at AS background_jobs_heartbeat_at, background_jobs.finished_at AS background_jobs_finished_at 
FROM background_jobs 
WHERE background_jobs.id = %(id_1)s 
 LIMIT %(param_1)s
2026-09-21 23:58:31,362 INFO sqlalchemy.engine.Engine [cached since 27.43s ago] {'id_1': 'c646d7fa-dfc6-4c7a-9eea-2b986c623043', 'param_1': 1}
2026-09-21 23:58:31,377 INFO sqlalchemy.engine.Engine SELECT background_jobs.id, background_jobs.tenant_id, background_jobs.type, background_jobs.status, background_jobs.actor_user_id, background_jobs.payload_json, background_jobs.result_json, background_jobs.cursor_json, background_jobs.logs_json, background_jobs.progress_total, background_jobs.progress_done, background_jobs.progress_failed, background_jobs.error, background_jobs.created_at, background_jobs.started_at, background_jobs.heartbeat_at, background_jobs.finished_at 
FROM background_jobs 
WHERE background_jobs.id = %(pk_1)s
2026-09-21 23:58:31,377 INFO sqlalchemy.engine.Engine [cached since 27.39s ago] {'pk_1': 'c646d7fa-dfc6-4c7a-9eea-2b986c623043'}
INFO:     127.0.0.1:61851 - "POST /autocount/companies/228f0f18-1ca3-4ee8-874d-83789cf560f0/entities/product/etl-task/preview HTTP/1.1" 202 Accepted
2026-09-21 23:58:31,378 INFO sqlalchemy.engine.Engine ROLLBACK
INFO:     127.0.0.1:61851 - "OPTIONS /autocount/previews/c646d7fa-dfc6-4c7a-9eea-2b986c623043 HTTP/1.1" 200 OK
2026-09-21 23:58:31,383 INFO sqlalchemy.engine.Engine BEGIN (implicit)
2026-09-21 23:58:31,384 INFO sqlalchemy.engine.Engine SELECT users.id AS users_id, users.tenant_id AS users_tenant_id, users.email AS users_email, users.password AS users_password, users.name AS users_name, users.status AS users_status, users.avatar_key AS users_avatar_key, users.avatar_version AS users_avatar_version, users.timezone AS users_timezone, users.created_at AS users_created_at, users.updated_at AS users_updated_at, users.last_sign_in_at AS users_last_sign_in_at, users.email_verified_at AS users_email_verified_at, users.is_trashed AS users_is_trashed, statuses_1.id AS statuses_1_id, statuses_1.entity_type AS statuses_1_entity_type, statuses_1.key AS statuses_1_key, statuses_1.category AS statuses_1_category, statuses_1.label AS statuses_1_label, statuses_1.color AS statuses_1_color, statuses_1.sort_order AS statuses_1_sort_order, statuses_1.is_initial AS statuses_1_is_initial, statuses_1.is_terminal AS statuses_1_is_terminal, statuses_1.is_active AS statuses_1_is_active, statuses_1.blocks_access AS statuses_1_blocks_access, statuses_1.is_archived AS statuses_1_is_archived, statuses_1.is_default AS statuses_1_is_default, statuses_1.position_x AS statuses_1_position_x, statuses_1.position_y AS statuses_1_position_y, statuses_1.is_system AS statuses_1_is_system, statuses_1.tenant_id AS statuses_1_tenant_id, statuses_1.scope_id AS statuses_1_scope_id, statuses_1.created_at AS statuses_1_created_at, statuses_1.updated_at AS statuses_1_updated_at, tenants_1.id AS tenants_1_id, tenants_1.name AS tenants_1_name, tenants_1.slug AS tenants_1_slug, tenants_1.status_id AS tenants_1_status_id, tenants_1.is_platform AS tenants_1_is_platform, tenants_1.contact_name AS tenants_1_contact_name, tenants_1.contact_email AS tenants_1_contact_email, tenants_1.custom_domain AS tenants_1_custom_domain, tenants_1.notes AS tenants_1_notes, tenants_1.created_at AS tenants_1_created_at, tenants_1.updated_at AS tenants_1_updated_at 
FROM users LEFT OUTER JOIN tenants AS tenants_1 ON tenants_1.id = users.tenant_id LEFT OUTER JOIN statuses AS statuses_1 ON statuses_1.id = tenants_1.status_id 
WHERE users.tenant_id = %(tenant_id_1)s AND users.id = %(id_1)s AND users.is_trashed IS false 
 LIMIT %(param_1)s
2026-09-21 23:58:31,384 INFO sqlalchemy.engine.Engine [cached since 66.38s ago] {'tenant_id_1': '00000000-0000-0000-0000-000000000001', 'id_1': 'ba302dc8-1ad5-4753-b1f2-917a28dc464a', 'param_1': 1}
2026-09-21 23:58:31,386 INFO sqlalchemy.engine.Engine SELECT users_1.id AS users_1_id, roles.id AS roles_id, roles.tenant_id AS roles_tenant_id, roles.name AS roles_name, roles.description AS roles_description, roles.is_system AS roles_is_system, roles.created_at AS roles_created_at, roles.updated_at AS roles_updated_at 
FROM users AS users_1 JOIN user_roles AS user_roles_1 ON users_1.id = user_roles_1.user_id JOIN roles ON roles.id = user_roles_1.role_id 
WHERE users_1.id IN (%(primary_keys_1)s)
2026-09-21 23:58:31,386 INFO sqlalchemy.engine.Engine [cached since 66.72s ago] {'primary_keys_1': 'ba302dc8-1ad5-4753-b1f2-917a28dc464a'}
2026-09-21 23:58:31,387 INFO sqlalchemy.engine.Engine SELECT roles_1.id AS roles_1_id, permissions.id AS permissions_id, permissions.key AS permissions_key, permissions.module AS permissions_module, permissions.resource AS permissions_resource, permissions.resource_label AS permissions_resource_label, permissions.action AS permissions_action, permissions.action_label AS permissions_action_label, permissions.description AS permissions_description, permissions.created_at AS permissions_created_at 
FROM roles AS roles_1 JOIN role_permissions AS role_permissions_1 ON roles_1.id = role_permissions_1.role_id JOIN permissions ON permissions.id = role_permissions_1.permission_id 
WHERE roles_1.id IN (%(primary_keys_1)s)
2026-09-21 23:58:31,387 INFO sqlalchemy.engine.Engine [cached since 66.71s ago] {'primary_keys_1': '6945749e-eb32-417e-9a98-4aa43cb398ca'}
2026-09-21 23:58:31,390 INFO sqlalchemy.engine.Engine SELECT tenant_modules.id AS tenant_modules_id 
FROM tenant_modules JOIN modules ON tenant_modules.module_id = modules.id 
WHERE tenant_modules.tenant_id = %(tenant_id_1)s AND modules.name = %(name_1)s AND tenant_modules.status = %(status_1)s 
 LIMIT %(param_1)s
2026-09-21 23:58:31,390 INFO sqlalchemy.engine.Engine [cached since 53.7s ago] {'tenant_id_1': '00000000-0000-0000-0000-000000000001', 'name_1': 'autocount', 'status_1': 'ACTIVE', 'param_1': 1}
2026-09-21 23:58:31,392 INFO sqlalchemy.engine.Engine SELECT background_jobs.id AS background_jobs_id, background_jobs.tenant_id AS background_jobs_tenant_id, background_jobs.type AS background_jobs_type, background_jobs.status AS background_jobs_status, background_jobs.actor_user_id AS background_jobs_actor_user_id, background_jobs.payload_json AS background_jobs_payload_json, background_jobs.result_json AS background_jobs_result_json, background_jobs.cursor_json AS background_jobs_cursor_json, background_jobs.logs_json AS background_jobs_logs_json, background_jobs.progress_total AS background_jobs_progress_total, background_jobs.progress_done AS background_jobs_progress_done, background_jobs.progress_failed AS background_jobs_progress_failed, background_jobs.error AS background_jobs_error, background_jobs.created_at AS background_jobs_created_at, background_jobs.started_at AS background_jobs_started_at, background_jobs.heartbeat_at AS background_jobs_heartbeat_at, background_jobs.finished_at AS background_jobs_finished_at 
FROM background_jobs 
WHERE background_jobs.id = %(id_1)s AND background_jobs.tenant_id = %(tenant_id_1)s AND background_jobs.type = %(type_1)s 
 LIMIT %(param_1)s
2026-09-21 23:58:31,392 INFO sqlalchemy.engine.Engine [cached since 27.39s ago] {'id_1': 'c646d7fa-dfc6-4c7a-9eea-2b986c623043', 'tenant_id_1': '00000000-0000-0000-0000-000000000001', 'type_1': 'autocount_source_preview', 'param_1': 1}
INFO:     127.0.0.1:61853 - "GET /autocount/previews/c646d7fa-dfc6-4c7a-9eea-2b986c623043 HTTP/1.1" 200 OK
2026-09-21 23:58:31,393 INFO sqlalchemy.engine.Engine ROLLBACK
2026-09-21 23:58:31,656 INFO sqlalchemy.engine.Engine BEGIN (implicit)
2026-09-21 23:58:31,656 INFO sqlalchemy.engine.Engine SELECT users.id AS users_id, users.tenant_id AS users_tenant_id, users.email AS users_email, users.password AS users_password, users.name AS users_name, users.status AS users_status, users.avatar_key AS users_avatar_key, users.avatar_version AS users_avatar_version, users.timezone AS users_timezone, users.created_at AS users_created_at, users.updated_at AS users_updated_at, users.last_sign_in_at AS users_last_sign_in_at, users.email_verified_at AS users_email_verified_at, users.is_trashed AS users_is_trashed, statuses_1.id AS statuses_1_id, statuses_1.entity_type AS statuses_1_entity_type, statuses_1.key AS statuses_1_key, statuses_1.category AS statuses_1_category, statuses_1.label AS statuses_1_label, statuses_1.color AS statuses_1_color, statuses_1.sort_order AS statuses_1_sort_order, statuses_1.is_initial AS statuses_1_is_initial, statuses_1.is_terminal AS statuses_1_is_terminal, statuses_1.is_active AS statuses_1_is_active, statuses_1.blocks_access AS statuses_1_blocks_access, statuses_1.is_archived AS statuses_1_is_archived, statuses_1.is_default AS statuses_1_is_default, statuses_1.position_x AS statuses_1_position_x, statuses_1.position_y AS statuses_1_position_y, statuses_1.is_system AS statuses_1_is_system, statuses_1.tenant_id AS statuses_1_tenant_id, statuses_1.scope_id AS statuses_1_scope_id, statuses_1.created_at AS statuses_1_created_at, statuses_1.updated_at AS statuses_1_updated_at, tenants_1.id AS tenants_1_id, tenants_1.name AS tenants_1_name, tenants_1.slug AS tenants_1_slug, tenants_1.status_id AS tenants_1_status_id, tenants_1.is_platform AS tenants_1_is_platform, tenants_1.contact_name AS tenants_1_contact_name, tenants_1.contact_email AS tenants_1_contact_email, tenants_1.custom_domain AS tenants_1_custom_domain, tenants_1.notes AS tenants_1_notes, tenants_1.created_at AS tenants_1_created_at, tenants_1.updated_at AS tenants_1_updated_at 
FROM users LEFT OUTER JOIN tenants AS tenants_1 ON tenants_1.id = users.tenant_id LEFT OUTER JOIN statuses AS statuses_1 ON statuses_1.id = tenants_1.status_id 
WHERE users.tenant_id = %(tenant_id_1)s AND users.id = %(id_1)s AND users.is_trashed IS false 
 LIMIT %(param_1)s
2026-09-21 23:58:31,656 INFO sqlalchemy.engine.Engine [cached since 66.65s ago] {'tenant_id_1': '00000000-0000-0000-0000-000000000001', 'id_1': 'ba302dc8-1ad5-4753-b1f2-917a28dc464a', 'param_1': 1}
2026-09-21 23:58:31,658 INFO sqlalchemy.engine.Engine SELECT users_1.id AS users_1_id, roles.id AS roles_id, roles.tenant_id AS roles_tenant_id, roles.name AS roles_name, roles.description AS roles_description, roles.is_system AS roles_is_system, roles.created_at AS roles_created_at, roles.updated_at AS roles_updated_at 
FROM users AS users_1 JOIN user_roles AS user_roles_1 ON users_1.id = user_roles_1.user_id JOIN roles ON roles.id = user_roles_1.role_id 
WHERE users_1.id IN (%(primary_keys_1)s)
2026-09-21 23:58:31,658 INFO sqlalchemy.engine.Engine [cached since 66.99s ago] {'primary_keys_1': 'ba302dc8-1ad5-4753-b1f2-917a28dc464a'}
2026-09-21 23:58:31,660 INFO sqlalchemy.engine.Engine SELECT roles_1.id AS roles_1_id, permissions.id AS permissions_id, permissions.key AS permissions_key, permissions.module AS permissions_module, permissions.resource AS permissions_resource, permissions.resource_label AS permissions_resource_label, permissions.action AS permissions_action, permissions.action_label AS permissions_action_label, permissions.description AS permissions_description, permissions.created_at AS permissions_created_at 
FROM roles AS roles_1 JOIN role_permissions AS role_permissions_1 ON roles_1.id = role_permissions_1.role_id JOIN permissions ON permissions.id = role_permissions_1.permission_id 
WHERE roles_1.id IN (%(primary_keys_1)s)
2026-09-21 23:58:31,660 INFO sqlalchemy.engine.Engine [cached since 66.99s ago] {'primary_keys_1': '6945749e-eb32-417e-9a98-4aa43cb398ca'}
2026-09-21 23:58:31,663 INFO sqlalchemy.engine.Engine SELECT tenant_modules.id AS tenant_modules_id 
FROM tenant_modules JOIN modules ON tenant_modules.module_id = modules.id 
WHERE tenant_modules.tenant_id = %(tenant_id_1)s AND modules.name = %(name_1)s AND tenant_modules.status = %(status_1)s 
 LIMIT %(param_1)s
2026-09-21 23:58:31,663 INFO sqlalchemy.engine.Engine [cached since 53.97s ago] {'tenant_id_1': '00000000-0000-0000-0000-000000000001', 'name_1': 'autocount', 'status_1': 'ACTIVE', 'param_1': 1}
2026-09-21 23:58:31,665 INFO sqlalchemy.engine.Engine SELECT background_jobs.id AS background_jobs_id, background_jobs.tenant_id AS background_jobs_tenant_id, background_jobs.type AS background_jobs_type, background_jobs.status AS background_jobs_status, background_jobs.actor_user_id AS background_jobs_actor_user_id, background_jobs.payload_json AS background_jobs_payload_json, background_jobs.result_json AS background_jobs_result_json, background_jobs.cursor_json AS background_jobs_cursor_json, background_jobs.logs_json AS background_jobs_logs_json, background_jobs.progress_total AS background_jobs_progress_total, background_jobs.progress_done AS background_jobs_progress_done, background_jobs.progress_failed AS background_jobs_progress_failed, background_jobs.error AS background_jobs_error, background_jobs.created_at AS background_jobs_created_at, background_jobs.started_at AS background_jobs_started_at, background_jobs.heartbeat_at AS background_jobs_heartbeat_at, background_jobs.finished_at AS background_jobs_finished_at 
FROM background_jobs 
WHERE background_jobs.id = %(id_1)s AND background_jobs.tenant_id = %(tenant_id_1)s AND background_jobs.type = %(type_1)s 
 LIMIT %(param_1)s
2026-09-21 23:58:31,665 INFO sqlalchemy.engine.Engine [cached since 27.66s ago] {'id_1': 'c646d7fa-dfc6-4c7a-9eea-2b986c623043', 'tenant_id_1': '00000000-0000-0000-0000-000000000001', 'type_1': 'autocount_source_preview', 'param_1': 1}
INFO:     127.0.0.1:61853 - "GET /autocount/previews/c646d7fa-dfc6-4c7a-9eea-2b986c623043 HTTP/1.1" 200 OK
2026-09-21 23:58:31,667 INFO sqlalchemy.engine.Engine ROLLBACK
2026-09-21 23:58:49,383 INFO sqlalchemy.engine.Engine BEGIN (implicit)
2026-09-21 23:58:49,384 INFO sqlalchemy.engine.Engine SELECT email_outbox.id AS email_outbox_id, email_outbox.tenant_id AS email_outbox_tenant_id, email_outbox.connection_id AS email_outbox_connection_id, email_outbox.to_email AS email_outbox_to_email, email_outbox.subject AS email_outbox_subject, email_outbox.html_body AS email_outbox_html_body, email_outbox.text_body AS email_outbox_text_body, email_outbox.template_key AS email_outbox_template_key, email_outbox.status AS email_outbox_status, email_outbox.attempts AS email_outbox_attempts, email_outbox.next_attempt_at AS email_outbox_next_attempt_at, email_outbox.last_error AS email_outbox_last_error, email_outbox.used_fallback AS email_outbox_used_fallback, email_outbox.created_at AS email_outbox_created_at, email_outbox.sent_at AS email_outbox_sent_at 
FROM email_outbox 
WHERE email_outbox.status IN (%(status_1_1)s, %(status_1_2)s) AND email_outbox.next_attempt_at <= %(next_attempt_at_1)s ORDER BY email_outbox.next_attempt_at 
 LIMIT %(param_1)s FOR UPDATE SKIP LOCKED
2026-09-21 23:58:49,384 INFO sqlalchemy.engine.Engine [cached since 180.2s ago] {'next_attempt_at_1': datetime.datetime(2026, 9, 21, 15, 58, 49, 381302, tzinfo=datetime.timezone.utc), 'param_1': 20, 'status_1_1': 'pending', 'status_1_2': 'sending'}
2026-09-21 23:58:49,390 INFO sqlalchemy.engine.Engine COMMIT
INFO:     Shutting down
INFO:     Waiting for application shutdown.
INFO:     Application shutdown complete.
INFO:     Finished server process [10992]
